strain,name,accession,date,region,location,authors,sample_type,reads_or_assemblies
15A011MM,SS14,DRR213711,2015,Asia,japan,Nishiki 2021,Clinical,reads
15A019HM,SS14,DRR213712,2015,Asia,japan,Nishiki 2021,Clinical,reads
16A013MM,SS14,DRR213713,2016,Asia,japan,Nishiki 2021,Clinical,reads
17A014MM,SS14,DRR213716,2017,Asia,japan,Nishiki 2021,Clinical,reads
17A017MM,SS14,DRR213717,2017,Asia,japan,Nishiki 2021,Clinical,reads
17C005HM,SS14,DRR213719,2017,Asia,japan,Nishiki 2021,Clinical,reads
17C009HM,SS14,DRR213720,2017,Asia,japan,Nishiki 2021,Clinical,reads
17D002HM,SS14,DRR213721,2017,Asia,japan,Nishiki 2021,Clinical,reads
17D006HM,SS14,DRR213722,2017,Asia,japan,Nishiki 2021,Clinical,reads
17D009HM,SS14,DRR213723,2017,Asia,japan,Nishiki 2021,Clinical,reads
17E002HF,SS14,DRR213724,2017,Asia,japan,Nishiki 2021,Clinical,reads
18C004HM,SS14,DRR213725,2018,Asia,japan,Nishiki 2021,Clinical,reads
18D001HM,SS14,DRR213726,2018,Asia,japan,Nishiki 2021,Clinical,reads
18D002HM,SS14,DRR213727,2018,Asia,japan,Nishiki 2021,Clinical,reads
18E001HF,SS14,DRR213728,2018,Asia,japan,Nishiki 2021,Clinical,reads
18E002HF,SS14,DRR213729,2018,Asia,japan,Nishiki 2021,Clinical,reads
18E016HF,SS14,DRR213730,2018,Asia,japan,Nishiki 2021,Clinical,reads
NL09,SS14,ERR2710610,2016-XX-XX,Europe,uk,Beale_2019_Global_TPA,Clinical_Swab,reads
NL10,SS14,ERR2710611,2016-XX-XX,Europe,uk,Beale_2019_Global_TPA,Clinical_Swab,reads
NL11,SS14,ERR2710612,2016-XX-XX,Europe,uk,Beale_2019_Global_TPA,Clinical_Swab,reads
NL12,SS14,ERR2710613,2016-XX-XX,Europe,uk,Beale_2021,Clinical_Swab,reads
NL13,SS14,ERR2710614,2016-XX-XX,Europe,uk,Beale_2019_Global_TPA,Clinical_Swab,reads
NL16,SS14,ERR2710617,2016-XX-XX,Europe,uk,Beale_2019_Global_TPA,Clinical_Swab,reads
UW298B,SS14,ERR2756168,2004-XX-XX,N.America,usa,Beale_2019_Global_TPA,low_rabbit_passage,reads
UW370B,SS14,ERR2756169,2005-XX-XX,N.America,usa,Beale_2019_Global_TPA,low_rabbit_passage,reads
UW824B,SS14,ERR2756170,2011-XX-XX,N.America,usa,Beale_2019_Global_TPA,low_rabbit_passage,reads
UW116B,SS14,ERR2756171,2002-XX-XX,N.America,usa,Beale_2019_Global_TPA,low_rabbit_passage,reads
UW262B,SS14,ERR2756172,2004-XX-XX,N.America,usa,Beale_2019_Global_TPA,low_rabbit_passage,reads
UW337B,SS14,ERR2756173,2005-XX-XX,N.America,usa,Beale_2019_Global_TPA,low_rabbit_passage,reads
UW391B,SS14,ERR2756174,2005-XX-XX,N.America,usa,Beale_2019_Global_TPA,low_rabbit_passage,reads
UW099B,SS14,ERR2756175,2001-XX-XX,N.America,usa,Beale_2019_Global_TPA,low_rabbit_passage,reads
UW291B,SS14,ERR2756176,2004-XX-XX,N.America,usa,Beale_2019_Global_TPA,low_rabbit_passage,reads
UW376B,SS14,ERR2756177,2005-XX-XX,N.America,usa,Beale_2019_Global_TPA,low_rabbit_passage,reads
UW248B,SS14,ERR2756178,2004-XX-XX,N.America,usa,Beale_2019_Global_TPA,low_rabbit_passage,reads
UW823B,SS14,ERR2756179,2011-XX-XX,N.America,usa,Beale_2019_Global_TPA,low_rabbit_passage,reads
UW391C,SS14,ERR2756180,2005-XX-XX,NAmerica,usa,Beale_2019,low_rabbit_passage,reads
UW397B,SS14,ERR2756181,2006-XX-XX,N.America,usa,Beale_2019_Global_TPA,low_rabbit_passage,reads
UW257B,SS14,ERR2756182,2004-XX-XX,N.America,usa,Beale_2019_Global_TPA,low_rabbit_passage,reads
UW473B,SS14,ERR2756184,2006-XX-XX,N.America,usa,Beale_2019_Global_TPA,low_rabbit_passage,reads
UW140B,SS14,ERR2756185,2002-XX-XX,N.America,usa,Beale_2019_Global_TPA,low_rabbit_passage,reads
UW186B,SS14,ERR2756186,2003-XX-XX,N.America,usa,Beale_2019_Global_TPA,low_rabbit_passage,reads
UW133B,SS14,ERR2756188,2002-XX-XX,N.America,usa,Beale_2019_Global_TPA,low_rabbit_passage,reads
UW344B,SS14,ERR2756189,2005-XX-XX,N.America,usa,Beale_2019_Global_TPA,low_rabbit_passage,reads
UW254B,SS14,ERR2756190,2004-XX-XX,N.America,usa,Beale_2019_Global_TPA,low_rabbit_passage,reads
UW411B,SS14,ERR2756191,2006-XX-XX,N.America,usa,Beale_2019_Global_TPA,low_rabbit_passage,reads
UW187B,SS14,ERR2756192,2003-XX-XX,N.America,usa,Beale_2019_Global_TPA,low_rabbit_passage,reads
UW228B,SS14,ERR2756193,2004-XX-XX,N.America,usa,Beale_2019_Global_TPA,low_rabbit_passage,reads
UW102B,SS14,ERR2756194,2002-XX-XX,N.America,usa,Beale_2019_Global_TPA,low_rabbit_passage,reads
UW074B,SS14,ERR2756195,2004-XX-XX,N.America,usa,Beale_2019_Global_TPA,low_rabbit_passage,reads
UW368B,SS14,ERR2756196,2005-XX-XX,N.America,usa,Beale_2019_Global_TPA,low_rabbit_passage,reads
UW125B,SS14,ERR2756198,2002-XX-XX,N.America,usa,Beale_2019_Global_TPA,low_rabbit_passage,reads
UW330B,SS14,ERR2756199,2005-XX-XX,N.America,usa,Beale_2019_Global_TPA,low_rabbit_passage,reads
UW147B,SS14,ERR2756200,2003-XX-XX,N.America,usa,Beale_2019_Global_TPA,low_rabbit_passage,reads
UW138B,SS14,ERR2756201,2002-XX-XX,N.America,usa,Beale_2019_Global_TPA,low_rabbit_passage,reads
UW181B,SS14,ERR2756202,2003-XX-XX,N.America,usa,Beale_2019_Global_TPA,low_rabbit_passage,reads
UW148B,SS14,ERR2756203,2003-XX-XX,N.America,usa,Beale_2019_Global_TPA,low_rabbit_passage,reads
UW852B,SS14,ERR2756204,2011-XX-XX,N.America,usa,Beale_2019_Global_TPA,low_rabbit_passage,reads
UW213B,SS14,ERR2756205,2003-XX-XX,N.America,usa,Beale_2019_Global_TPA,low_rabbit_passage,reads
UW379B,SS14,ERR2756206,2005-XX-XX,N.America,usa,Beale_2019_Global_TPA,low_rabbit_passage,reads
UW126B,SS14,ERR2756207,2002-XX-XX,N.America,usa,Beale_2019_Global_TPA,low_rabbit_passage,reads
UW383B,SS14,ERR2756208,2005-XX-XX,N.America,usa,Beale_2019_Global_TPA,low_rabbit_passage,reads
UW254C,SS14,ERR2756209,2004-XX-XX,NAmerica,usa,Beale_2019,low_rabbit_passage,reads
UW231B,SS14,ERR2756210,2004-XX-XX,N.America,usa,Beale_2019_Global_TPA,low_rabbit_passage,reads
UW281B,SS14,ERR2756211,2004-XX-XX,N.America,usa,Beale_2019_Global_TPA,low_rabbit_passage,reads
UW211B,SS14,ERR2756212,2003-XX-XX,N.America,usa,Beale_2019_Global_TPA,low_rabbit_passage,reads
UW215B,SS14,ERR2756213,2004-XX-XX,N.America,usa,Beale_2019_Global_TPA,low_rabbit_passage,reads
UW093B,SS14,ERR2756214,2001-XX-XX,N.America,usa,Beale_2019_Global_TPA,low_rabbit_passage,reads
UW492B,SS14,ERR2756216,2006-XX-XX,N.America,usa,Beale_2019_Global_TPA,low_rabbit_passage,reads
UW244B,SS14,ERR2756217,2004-XX-XX,N.America,usa,Beale_2019_Global_TPA,low_rabbit_passage,reads
UW259B,SS14,ERR2756218,2004-XX-XX,N.America,usa,Beale_2019_Global_TPA,low_rabbit_passage,reads
UW134B,SS14,ERR2756219,2002-XX-XX,N.America,usa,Beale_2019_Global_TPA,low_rabbit_passage,reads
UW526B,SS14,ERR2756220,2007-XX-XX,N.America,usa,Beale_2019_Global_TPA,low_rabbit_passage,reads
UW155B,SS14,ERR2756221,2003-XX-XX,N.America,usa,Beale_2019_Global_TPA,low_rabbit_passage,reads
UW280B,SS14,ERR2756222,2004-XX-XX,N.America,usa,Beale_2019_Global_TPA,low_rabbit_passage,reads
UW195B,SS14,ERR2756223,2003-XX-XX,N.America,usa,Beale_2019_Global_TPA,low_rabbit_passage,reads
UW304B,SS14,ERR2756224,2005-XX-XX,N.America,usa,Beale_2019_Global_TPA,low_rabbit_passage,reads
UW327B,SS14,ERR2756225,2005-XX-XX,N.America,usa,Beale_2019_Global_TPA,low_rabbit_passage,reads
UW264B,SS14,ERR2756226,2004-XX-XX,N.America,usa,Beale_2019_Global_TPA,low_rabbit_passage,reads
UW149B,SS14,ERR2756227,2003-XX-XX,N.America,usa,Beale_2019_Global_TPA,low_rabbit_passage,reads
UW303B,SS14,ERR2756228,2005-XX-XX,N.America,usa,Beale_2019_Global_TPA,low_rabbit_passage,reads
UW104B,SS14,ERR2756229,2002-XX-XX,N.America,usa,Beale_2019_Global_TPA,low_rabbit_passage,reads
PHE130040A,SS14,ERR3684450,2013-XX-XX,Europe,uk,Beale_2021,Clinical_Swab,reads
PHE130052A,SS14,ERR3684451,2013-XX-XX,Europe,uk,Beale_2021,Clinical_Swab,reads
PHE160190A,SS14,ERR3684456,2016-XX-XX,Europe,uk,Beale_2021,Clinical_Swab,reads
PHE160249A,SS14,ERR3684460,2016-XX-XX,Europe,uk,Beale_2021,Clinical_Swab,reads
PHE170407A,SS14,ERR3684480,2017-XX-XX,Europe,uk,Beale_2021,Clinical_Swab,reads
PHE120011A,SS14,ERR3684482,2012-XX-XX,Europe,uk,Beale_2021,Clinical_Swab,reads
PHE130043A,SS14,ERR3684485,2013-XX-XX,Europe,uk,Beale_2021,Clinical_Swab,reads
PHE150126A,SS14,ERR3684489,2015-XX-XX,Europe,uk,Beale_2021,Clinical_Swab,reads
PHE160203A,SS14,ERR3684495,2016-XX-XX,Europe,uk,Beale_2021,Clinical_Swab,reads
PHE160214A,SS14,ERR3684497,2016-XX-XX,Europe,uk,Beale_2021,Clinical_Swab,reads
PHE160240A,SS14,ERR3684498,2016-XX-XX,Europe,uk,Beale_2021,Clinical_Swab,reads
PHE160253A,SS14,ERR3684499,2016-XX-XX,Europe,uk,Beale_2021,Clinical_Swab,reads
PHE160259A,SS14,ERR3684500,2016-XX-XX,Europe,uk,Beale_2021,Clinical_Swab,reads
PHE160262A,SS14,ERR3684501,2016-XX-XX,Europe,uk,Beale_2021,Clinical_Swab,reads
PHE160264A,SS14,ERR3684502,2016-XX-XX,Europe,uk,Beale_2021,Clinical_Swab,reads
PHE160280A,SS14,ERR3684504,2016-XX-XX,Europe,uk,Beale_2021,Clinical_Swab,reads
PHE160298A,SS14,ERR3684507,2016-XX-XX,Europe,uk,Beale_2021,Clinical_Swab,reads
PHE160312A,SS14,ERR3684509,2016-XX-XX,Europe,uk,Beale_2021,Clinical_Swab,reads
PHE160315A,SS14,ERR3684510,2016-XX-XX,Europe,uk,Beale_2021,Clinical_Swab,reads
PHE170328A,SS14,ERR3684511,2017-XX-XX,Europe,uk,Beale_2021,Clinical_Swab,reads
PHE170346A,SS14,ERR3684512,2017-XX-XX,Europe,uk,Beale_2021,Clinical_Swab,reads
PHE170387A,SS14,ERR3684515,2017-XX-XX,Europe,uk,Beale_2021,Clinical_Swab,reads
PHE170408A,SS14,ERR3684517,2017-XX-XX,Europe,uk,Beale_2021,Clinical_Swab,reads
PHE120009B,SS14,ERR3684519,2012-XX-XX,Europe,uk,Beale_2021,Clinical_Swab,reads
PHE120021A,SS14,ERR3684520,2012-XX-XX,Europe,uk,Beale_2021,Clinical_Swab,reads
PHE120024A,SS14,ERR3684521,2012-XX-XX,Europe,uk,Beale_2021,Clinical_Swab,reads
PHE130039A,SS14,ERR3684522,2013-XX-XX,Europe,uk,Beale_2021,Clinical_Swab,reads
PHE130045A,SS14,ERR3684523,2013-XX-XX,Europe,uk,Beale_2021,Clinical_Swab,reads
PHE130064A,SS14,ERR3684524,2013-XX-XX,Europe,uk,Beale_2021,Clinical_Swab,reads
PHE140074A,SS14,ERR3684525,2014-XX-XX,Europe,uk,Beale_2021,Clinical_Swab,reads
PHE140095A,SS14,ERR3684526,2014-XX-XX,Europe,uk,Beale_2021,Clinical_Swab,reads
PHE150110A,SS14,ERR3684528,2015-XX-XX,Europe,uk,Beale_2021,Clinical_Swab,reads
PHE150148A,SS14,ERR3684530,2015-XX-XX,Europe,uk,Beale_2021,Clinical_Swab,reads
PHE150177A,SS14,ERR3684531,2015-XX-XX,Europe,uk,Beale_2021,Clinical_Swab,reads
PHE160198A,SS14,ERR3684533,2016-XX-XX,Europe,uk,Beale_2021,Clinical_Swab,reads
PHE160211A,SS14,ERR3684534,2016-XX-XX,Europe,uk,Beale_2021,Clinical_Swab,reads
PHE160217A,SS14,ERR3684535,2016-XX-XX,Europe,uk,Beale_2021,Clinical_Swab,reads
PHE160239A,SS14,ERR3684537,2016-XX-XX,Europe,uk,Beale_2021,Clinical_Swab,reads
PHE160256A,SS14,ERR3684538,2016-XX-XX,Europe,uk,Beale_2021,Clinical_Swab,reads
PHE160268A,SS14,ERR3684539,2016-XX-XX,Europe,uk,Beale_2021,Clinical_Swab,reads
PHE160277A,SS14,ERR3684540,2016-XX-XX,Europe,uk,Beale_2021,Clinical_Swab,reads
PHE160299A,SS14,ERR3684542,2016-XX-XX,Europe,uk,Beale_2021,Clinical_Swab,reads
PHE160300A,SS14,ERR3684543,2016-XX-XX,Europe,uk,Beale_2021,Clinical_Swab,reads
PHE160301A,SS14,ERR3684544,2016-XX-XX,Europe,uk,Beale_2021,Clinical_Swab,reads
PHE160309A,SS14,ERR3684547,2016-XX-XX,Europe,uk,Beale_2021,Clinical_Swab,reads
PHE170329A,SS14,ERR3684548,2017-XX-XX,Europe,uk,Beale_2021,Clinical_Swab,reads
PHE170343A,SS14,ERR3684550,2017-XX-XX,Europe,uk,Beale_2021,Clinical_Swab,reads
PHE170351A,SS14,ERR3684551,2017-XX-XX,Europe,uk,Beale_2021,Clinical_Swab,reads
PHE170352A,SS14,ERR3684552,2017-XX-XX,Europe,uk,Beale_2021,Clinical_Swab,reads
PHE170356A,SS14,ERR3684553,2017-XX-XX,Europe,uk,Beale_2021,Clinical_Swab,reads
PHE170367A,SS14,ERR3684555,2017-XX-XX,Europe,uk,Beale_2021,Clinical_Swab,reads
PHE170380A,SS14,ERR3684556,2017-XX-XX,Europe,uk,Beale_2021,Clinical_Swab,reads
PHE170384A,SS14,ERR3684557,2017-XX-XX,Europe,uk,Beale_2021,Clinical_Swab,reads
PHE170388A,SS14,ERR3684558,2017-XX-XX,Europe,uk,Beale_2021,Clinical_Swab,reads
PHE170402A,SS14,ERR3684560,2017-XX-XX,Europe,uk,Beale_2021,Clinical_Swab,reads
PHE120007A,SS14,ERR3684564,2012-XX-XX,Europe,uk,Beale_2021,Clinical_Swab,reads
PHE120013A,SS14,ERR3684565,2012-XX-XX,Europe,uk,Beale_2021,Clinical_Swab,reads
PHE120019A,SS14,ERR3684566,2012-XX-XX,Europe,uk,Beale_2021,Clinical_Swab,reads
PHE120022A,SS14,ERR3684567,2012-XX-XX,Europe,uk,Beale_2021,Clinical_Swab,reads
PHE130036A,SS14,ERR3684568,2013-XX-XX,Europe,uk,Beale_2021,Clinical_Swab,reads
PHE130047A,SS14,ERR3684569,2013-XX-XX,Europe,uk,Beale_2021,Clinical_Swab,reads
PHE130054A,SS14,ERR3684571,2013-XX-XX,Europe,uk,Beale_2021,Clinical_Swab,reads
PHE130056A,SS14,ERR3684572,2013-XX-XX,Europe,uk,Beale_2021,Clinical_Swab,reads
PHE140073A,SS14,ERR3684573,2014-XX-XX,Europe,uk,Beale_2021,Clinical_Swab,reads
PHE150130A,SS14,ERR3684574,2015-XX-XX,Europe,uk,Beale_2021,Clinical_Swab,reads
PHE150131A,SS14,ERR3684575,2015-XX-XX,Europe,uk,Beale_2021,Clinical_Swab,reads
PHE150137A,SS14,ERR3684576,2015-XX-XX,Europe,uk,Beale_2021,Clinical_Swab,reads
PHE150138A,SS14,ERR3684577,2015-XX-XX,Europe,uk,Beale_2021,Clinical_Swab,reads
PHE150153A,SS14,ERR3684580,2015-XX-XX,Europe,uk,Beale_2021,Clinical_Swab,reads
PHE150154A,SS14,ERR3684581,2015-XX-XX,Europe,uk,Beale_2021,Clinical_Swab,reads
PHE150160A,SS14,ERR3684582,2015-XX-XX,Europe,uk,Beale_2021,Clinical_Swab,reads
PHE150163A,SS14,ERR3684583,2015-XX-XX,Europe,uk,Beale_2021,Clinical_Swab,reads
PHE160197A,SS14,ERR3684584,2016-XX-XX,Europe,uk,Beale_2021,Clinical_Swab,reads
PHE160215A,SS14,ERR3684585,2016-XX-XX,Europe,uk,Beale_2021,Clinical_Swab,reads
PHE160234A,SS14,ERR3684587,2016-XX-XX,Europe,uk,Beale_2021,Clinical_Swab,reads
PHE160247A,SS14,ERR3684588,2016-XX-XX,Europe,uk,Beale_2021,Clinical_Swab,reads
PHE160254A,SS14,ERR3684589,2016-XX-XX,Europe,uk,Beale_2021,Clinical_Swab,reads
PHE160257A,SS14,ERR3684590,2016-XX-XX,Europe,uk,Beale_2021,Clinical_Swab,reads
PHE160292A,SS14,ERR3684592,2016-XX-XX,Europe,uk,Beale_2021,Clinical_Swab,reads
PHE160308A,SS14,ERR3684593,2016-XX-XX,Europe,uk,Beale_2021,Clinical_Swab,reads
PHE160313A,SS14,ERR3684594,2016-XX-XX,Europe,uk,Beale_2021,Clinical_Swab,reads
PHE170355A,SS14,ERR3684596,2017-XX-XX,Europe,uk,Beale_2021,Clinical_Swab,reads
PHE170365A,SS14,ERR3684597,2017-XX-XX,Europe,uk,Beale_2021,Clinical_Swab,reads
PHE170385A,SS14,ERR3684599,2017-XX-XX,Europe,uk,Beale_2021,Clinical_Swab,reads
PHE170398A,SS14,ERR3684600,2017-XX-XX,Europe,uk,Beale_2021,Clinical_Swab,reads
PHE170411A,SS14,ERR3684601,2017-XX-XX,Europe,uk,Beale_2021,Clinical_Swab,reads
PHE170412A,SS14,ERR3684602,2017-XX-XX,Europe,uk,Beale_2021,Clinical_Swab,reads
PHE160628A,SS14,ERR3684606,2016-XX-XX,Europe,uk,Beale_2021,Clinical_Swab,reads
PHE120001A,SS14,ERR3684609,2012-XX-XX,Europe,uk,Beale_2021,Clinical_Swab,reads
PHE120006A,SS14,ERR3684610,2012-XX-XX,Europe,uk,Beale_2021,Clinical_Swab,reads
PHE130053A,SS14,ERR3684613,2013-XX-XX,Europe,uk,Beale_2021,Clinical_Swab,reads
PHE140093A,SS14,ERR3684615,2014-XX-XX,Europe,uk,Beale_2021,Clinical_Swab,reads
PHE150113A,SS14,ERR3684616,2015-XX-XX,Europe,uk,Beale_2021,Clinical_Swab,reads
PHE150119A,SS14,ERR3684618,2015-XX-XX,Europe,uk,Beale_2021,Clinical_Swab,reads
PHE150122A,SS14,ERR3684619,2015-XX-XX,Europe,uk,Beale_2021,Clinical_Swab,reads
PHE150161A,SS14,ERR3684620,2015-XX-XX,Europe,uk,Beale_2021,Clinical_Swab,reads
PHE150175A,SS14,ERR3684622,2015-XX-XX,Europe,uk,Beale_2021,Clinical_Swab,reads
PHE160189A,SS14,ERR3684623,2016-XX-XX,Europe,uk,Beale_2021,Clinical_Swab,reads
PHE160199A,SS14,ERR3684624,2016-XX-XX,Europe,uk,Beale_2021,Clinical_Swab,reads
PHE160238A,SS14,ERR3684626,2016-XX-XX,Europe,uk,Beale_2021,Clinical_Swab,reads
PHE160245A,SS14,ERR3684628,2016-XX-XX,Europe,uk,Beale_2021,Clinical_Swab,reads
PHE160248A,SS14,ERR3684630,2016-XX-XX,Europe,uk,Beale_2021,Clinical_Swab,reads
PHE160260A,SS14,ERR3684631,2016-XX-XX,Europe,uk,Beale_2021,Clinical_Swab,reads
PHE160261A,SS14,ERR3684632,2016-XX-XX,Europe,uk,Beale_2021,Clinical_Swab,reads
PHE160267A,SS14,ERR3684634,2016-XX-XX,Europe,uk,Beale_2021,Clinical_Swab,reads
PHE160272A,SS14,ERR3684635,2016-XX-XX,Europe,uk,Beale_2021,Clinical_Swab,reads
PHE160303A,SS14,ERR3684638,2016-XX-XX,Europe,uk,Beale_2021,Clinical_Swab,reads
PHE160311A,SS14,ERR3684639,2016-XX-XX,Europe,uk,Beale_2021,Clinical_Swab,reads
PHE170345A,SS14,ERR3684641,2017-XX-XX,Europe,uk,Beale_2021,Clinical_Swab,reads
PHE170366A,SS14,ERR3684643,2017-XX-XX,Europe,uk,Beale_2021,Clinical_Swab,reads
PHE170378A,SS14,ERR3684644,2017-XX-XX,Europe,uk,Beale_2021,Clinical_Swab,reads
PHE170393A,SS14,ERR3684646,2017-XX-XX,Europe,uk,Beale_2021,Clinical_Swab,reads
PHE170403A,SS14,ERR3684647,2017-XX-XX,Europe,uk,Beale_2021,Clinical_Swab,reads
PHE120025A,SS14,ERR3684652,2012-XX-XX,Europe,uk,Beale_2021,Clinical_Swab,reads
PHE120027A,SS14,ERR3684653,2012-XX-XX,Europe,uk,Beale_2021,Clinical_Swab,reads
PHE120028A,SS14,ERR3684654,2012-XX-XX,Europe,uk,Beale_2021,Clinical_Swab,reads
PHE130038A,SS14,ERR3684655,2013-XX-XX,Europe,uk,Beale_2021,Clinical_Swab,reads
PHE130041A,SS14,ERR3684656,2013-XX-XX,Europe,uk,Beale_2021,Clinical_Swab,reads
PHE130046A,SS14,ERR3684657,2013-XX-XX,Europe,uk,Beale_2021,Clinical_Swab,reads
PHE130049A,SS14,ERR3684658,2013-XX-XX,Europe,uk,Beale_2021,Clinical_Swab,reads
PHE130050A,SS14,ERR3684659,2013-XX-XX,Europe,uk,Beale_2021,Clinical_Swab,reads
PHE140081A,SS14,ERR3684660,2014-XX-XX,Europe,uk,Beale_2021,Clinical_Swab,reads
PHE140083A,SS14,ERR3684661,2014-XX-XX,Europe,uk,Beale_2021,Clinical_Swab,reads
PHE150155A,SS14,ERR3684665,2015-XX-XX,Europe,uk,Beale_2021,Clinical_Swab,reads
PHE150159A,SS14,ERR3684666,2015-XX-XX,Europe,uk,Beale_2021,Clinical_Swab,reads
PHE150173A,SS14,ERR3684667,2015-XX-XX,Europe,uk,Beale_2021,Clinical_Swab,reads
PHE160184A,SS14,ERR3684669,2016-XX-XX,Europe,uk,Beale_2021,Clinical_Swab,reads
PHE160210A,SS14,ERR3684670,2016-XX-XX,Europe,uk,Beale_2021,Clinical_Swab,reads
PHE160216A,SS14,ERR3684671,2016-XX-XX,Europe,uk,Beale_2021,Clinical_Swab,reads
PHE160222A,SS14,ERR3684672,2016-XX-XX,Europe,uk,Beale_2021,Clinical_Swab,reads
PHE160227A,SS14,ERR3684673,2016-XX-XX,Europe,uk,Beale_2021,Clinical_Swab,reads
PHE160232A,SS14,ERR3684674,2016-XX-XX,Europe,uk,Beale_2021,Clinical_Swab,reads
PHE160258A,SS14,ERR3684675,2016-XX-XX,Europe,uk,Beale_2021,Clinical_Swab,reads
PHE160291A,SS14,ERR3684676,2016-XX-XX,Europe,uk,Beale_2021,Clinical_Swab,reads
PHE160297A,SS14,ERR3684677,2016-XX-XX,Europe,uk,Beale_2021,Clinical_Swab,reads
PHE160304A,SS14,ERR3684678,2016-XX-XX,Europe,uk,Beale_2021,Clinical_Swab,reads
PHE160310A,SS14,ERR3684679,2016-XX-XX,Europe,uk,Beale_2021,Clinical_Swab,reads
PHE170320A,SS14,ERR3684680,2017-XX-XX,Europe,uk,Beale_2021,Clinical_Swab,reads
PHE170326A,SS14,ERR3684681,2017-XX-XX,Europe,uk,Beale_2021,Clinical_Swab,reads
PHE170344A,SS14,ERR3684682,2017-XX-XX,Europe,uk,Beale_2021,Clinical_Swab,reads
PHE170350A,SS14,ERR3684683,2017-XX-XX,Europe,uk,Beale_2021,Clinical_Swab,reads
PHE170353A,SS14,ERR3684684,2017-XX-XX,Europe,uk,Beale_2021,Clinical_Swab,reads
PHE170358A,SS14,ERR3684685,2017-XX-XX,Europe,uk,Beale_2021,Clinical_Swab,reads
PHE170373A,SS14,ERR3684686,2017-XX-XX,Europe,uk,Beale_2021,Clinical_Swab,reads
PHE170392A,SS14,ERR3684687,2017-XX-XX,Europe,uk,Beale_2021,Clinical_Swab,reads
PHE120014A,SS14,ERR3684694,2012-XX-XX,Europe,uk,Beale_2021,Clinical_Swab,reads
PHE120016A,SS14,ERR3684695,2012-XX-XX,Europe,uk,Beale_2021,Clinical_Swab,reads
PHE120032A,SS14,ERR3684696,2012-XX-XX,Europe,uk,Beale_2021,Clinical_Swab,reads
PHE120034A,SS14,ERR3684697,2012-XX-XX,Europe,uk,Beale_2021,Clinical_Swab,reads
PHE130060A,SS14,ERR3684698,2013-XX-XX,Europe,uk,Beale_2021,Clinical_Swab,reads
PHE140079A,SS14,ERR3684699,2014-XX-XX,Europe,uk,Beale_2021,Clinical_Swab,reads
PHE140084A,SS14,ERR3684700,2014-XX-XX,Europe,uk,Beale_2021,Clinical_Swab,reads
PHE140105A,SS14,ERR3684702,2014-XX-XX,Europe,uk,Beale_2021,Clinical_Swab,reads
PHE150123A,SS14,ERR3684703,2015-XX-XX,Europe,uk,Beale_2021,Clinical_Swab,reads
PHE150128A,SS14,ERR3684704,2015-XX-XX,Europe,uk,Beale_2021,Clinical_Swab,reads
PHE150164A,SS14,ERR3684706,2015-XX-XX,Europe,uk,Beale_2021,Clinical_Swab,reads
PHE150178A,SS14,ERR3684707,2015-XX-XX,Europe,uk,Beale_2021,Clinical_Swab,reads
PHE150179A,SS14,ERR3684708,2015-XX-XX,Europe,uk,Beale_2021,Clinical_Swab,reads
PHE160200A,SS14,ERR3684709,2016-XX-XX,Europe,uk,Beale_2021,Clinical_Swab,reads
PHE160218A,SS14,ERR3684710,2016-XX-XX,Europe,uk,Beale_2021,Clinical_Swab,reads
PHE160225A,SS14,ERR3684711,2016-XX-XX,Europe,uk,Beale_2021,Clinical_Swab,reads
PHE160237A,SS14,ERR3684712,2016-XX-XX,Europe,uk,Beale_2021,Clinical_Swab,reads
PHE160242A,SS14,ERR3684713,2016-XX-XX,Europe,uk,Beale_2021,Clinical_Swab,reads
PHE160250A,SS14,ERR3684714,2016-XX-XX,Europe,uk,Beale_2021,Clinical_Swab,reads
PHE160251A,SS14,ERR3684715,2016-XX-XX,Europe,uk,Beale_2021,Clinical_Swab,reads
PHE160266A,SS14,ERR3684716,2016-XX-XX,Europe,uk,Beale_2021,Clinical_Swab,reads
PHE160285A,SS14,ERR3684717,2016-XX-XX,Europe,uk,Beale_2021,Clinical_Swab,reads
PHE160286A,SS14,ERR3684718,2016-XX-XX,Europe,uk,Beale_2021,Clinical_Swab,reads
PHE160305A,SS14,ERR3684719,2016-XX-XX,Europe,uk,Beale_2021,Clinical_Swab,reads
PHE170324A,SS14,ERR3684720,2017-XX-XX,Europe,uk,Beale_2021,Clinical_Swab,reads
PHE170332A,SS14,ERR3684721,2017-XX-XX,Europe,uk,Beale_2021,Clinical_Swab,reads
PHE170335A,SS14,ERR3684722,2017-XX-XX,Europe,uk,Beale_2021,Clinical_Swab,reads
PHE170362A,SS14,ERR3684723,2017-XX-XX,Europe,uk,Beale_2021,Clinical_Swab,reads
PHE170369A,SS14,ERR3684724,2017-XX-XX,Europe,uk,Beale_2021,Clinical_Swab,reads
PHE170370A,SS14,ERR3684725,2017-XX-XX,Europe,uk,Beale_2021,Clinical_Swab,reads
PHE170376A,SS14,ERR3684726,2017-XX-XX,Europe,uk,Beale_2021,Clinical_Swab,reads
PHE170391A,SS14,ERR3684727,2017-XX-XX,Europe,uk,Beale_2021,Clinical_Swab,reads
PHE170394A,SS14,ERR3684728,2017-XX-XX,Europe,uk,Beale_2021,Clinical_Swab,reads
PHE120003A,SS14,ERR3684739,2012-XX-XX,Europe,uk,Beale_2021,Clinical_Swab,reads
PHE120023A,SS14,ERR3684740,2012-XX-XX,Europe,uk,Beale_2021,Clinical_Swab,reads
PHE120030A,SS14,ERR3684741,2012-XX-XX,Europe,uk,Beale_2021,Clinical_Swab,reads
PHE130063A,SS14,ERR3684742,2013-XX-XX,Europe,uk,Beale_2021,Clinical_Swab,reads
PHE140066A,SS14,ERR3684743,2014-XX-XX,Europe,uk,Beale_2021,Clinical_Swab,reads
PHE140077A,SS14,ERR3684744,2014-XX-XX,Europe,uk,Beale_2021,Clinical_Swab,reads
PHE140090A,SS14,ERR3684745,2014-XX-XX,Europe,uk,Beale_2021,Clinical_Swab,reads
PHE150125A,SS14,ERR3684746,2015-XX-XX,Europe,uk,Beale_2021,Clinical_Swab,reads
PHE150132A,SS14,ERR3684747,2015-XX-XX,Europe,uk,Beale_2021,Clinical_Swab,reads
PHE150151A,SS14,ERR3684748,2015-XX-XX,Europe,uk,Beale_2021,Clinical_Swab,reads
PHE150158A,SS14,ERR3684749,2015-XX-XX,Europe,uk,Beale_2021,Clinical_Swab,reads
PHE150172A,SS14,ERR3684751,2015-XX-XX,Europe,uk,Beale_2021,Clinical_Swab,reads
PHE150174A,SS14,ERR3684752,2015-XX-XX,Europe,uk,Beale_2021,Clinical_Swab,reads
PHE160192A,SS14,ERR3684753,2016-XX-XX,Europe,uk,Beale_2021,Clinical_Swab,reads
PHE160205A,SS14,ERR3684754,2016-XX-XX,Europe,uk,Beale_2021,Clinical_Swab,reads
PHE160252A,SS14,ERR3684756,2016-XX-XX,Europe,uk,Beale_2021,Clinical_Swab,reads
PHE160279A,SS14,ERR3684758,2016-XX-XX,Europe,uk,Beale_2021,Clinical_Swab,reads
PHE160288A,SS14,ERR3684759,2016-XX-XX,Europe,uk,Beale_2021,Clinical_Swab,reads
PHE170318A,SS14,ERR3684761,2017-XX-XX,Europe,uk,Beale_2021,Clinical_Swab,reads
PHE170360A,SS14,ERR3684764,2017-XX-XX,Europe,uk,Beale_2021,Clinical_Swab,reads
PHE140441A,SS14,ERR3684769,2014-XX-XX,Europe,uk,Beale_2021,Clinical_Swab,reads
PHE120008A,SS14,ERR3699556,2012-XX-XX,Europe,uk,Beale_2021,Clinical_Swab,reads
PHE120012A,SS14,ERR3699557,2012-XX-XX,Europe,uk,Beale_2021,Clinical_Swab,reads
PHE130057B,SS14,ERR3699560,2013-XX-XX,Europe,uk,Beale_2021,Clinical_Swab,reads
PHE130061A,SS14,ERR3699561,2013-XX-XX,Europe,uk,Beale_2021,Clinical_Swab,reads
PHE140065A,SS14,ERR3699562,2014-XX-XX,Europe,uk,Beale_2021,Clinical_Swab,reads
PHE140075A,SS14,ERR3699563,2014-XX-XX,Europe,uk,Beale_2021,Clinical_Swab,reads
PHE140078A,SS14,ERR3699564,2014-XX-XX,Europe,uk,Beale_2021,Clinical_Swab,reads
PHE140100A,SS14,ERR3699566,2014-XX-XX,Europe,uk,Beale_2021,Clinical_Swab,reads
PHE140101A,SS14,ERR3699567,2014-XX-XX,Europe,uk,Beale_2021,Clinical_Swab,reads
PHE140102A,SS14,ERR3699568,2014-XX-XX,Europe,uk,Beale_2021,Clinical_Swab,reads
PHE140104A,SS14,ERR3699569,2014-XX-XX,Europe,uk,Beale_2021,Clinical_Swab,reads
PHE150136A,SS14,ERR3699570,2015-XX-XX,Europe,uk,Beale_2021,Clinical_Swab,reads
PHE150140A,SS14,ERR3699571,2015-XX-XX,Europe,uk,Beale_2021,Clinical_Swab,reads
PHE150167A,SS14,ERR3699572,2015-XX-XX,Europe,uk,Beale_2021,Clinical_Swab,reads
PHE150169A,SS14,ERR3699573,2015-XX-XX,Europe,uk,Beale_2021,Clinical_Swab,reads
PHE160191A,SS14,ERR3699574,2016-XX-XX,Europe,uk,Beale_2021,Clinical_Swab,reads
PHE160202A,SS14,ERR3699576,2016-XX-XX,Europe,uk,Beale_2021,Clinical_Swab,reads
PHE170368A,SS14,ERR3699581,2017-XX-XX,Europe,uk,Beale_2021,Clinical_Swab,reads
PHE120002A,SS14,ERR3811624,2012-XX-XX,Europe,uk,Beale_2021,Clinical_Swab,reads
PHE130051A,SS14,ERR3811625,2013-XX-XX,Europe,uk,Beale_2021,Clinical_Swab,reads
PHE130062A,SS14,ERR3811626,2013-XX-XX,Europe,uk,Beale_2021,Clinical_Swab,reads
PHE140067A,SS14,ERR3811627,2014-XX-XX,Europe,uk,Beale_2021,Clinical_Swab,reads
PHE140072A,SS14,ERR3811628,2014-XX-XX,Europe,uk,Beale_2021,Clinical_Swab,reads
PHE140091A,SS14,ERR3811629,2014-XX-XX,Europe,uk,Beale_2021,Clinical_Swab,reads
PHE140094A,SS14,ERR3811630,2014-XX-XX,Europe,uk,Beale_2021,Clinical_Swab,reads
PHE150129A,SS14,ERR3811631,2015-XX-XX,Europe,uk,Beale_2021,Clinical_Swab,reads
PHE150183A,SS14,ERR3811632,2015-XX-XX,Europe,uk,Beale_2021,Clinical_Swab,reads
PHE160185A,SS14,ERR3811633,2016-XX-XX,Europe,uk,Beale_2021,Clinical_Swab,reads
PHE160186A,SS14,ERR3811634,2016-XX-XX,Europe,uk,Beale_2021,Clinical_Swab,reads
PHE160207A,SS14,ERR3811635,2016-XX-XX,Europe,uk,Beale_2021,Clinical_Swab,reads
PHE160219A,SS14,ERR3811636,2016-XX-XX,Europe,uk,Beale_2021,Clinical_Swab,reads
PHE170341A,SS14,ERR3811639,2017-XX-XX,Europe,uk,Beale_2021,Clinical_Swab,reads
PHE170359A,SS14,ERR3811641,2017-XX-XX,Europe,uk,Beale_2021,Clinical_Swab,reads
PHE170363A,SS14,ERR3811642,2017-XX-XX,Europe,uk,Beale_2021,Clinical_Swab,reads
PHE170395A,SS14,ERR3811643,2017-XX-XX,Europe,uk,Beale_2021,Clinical_Swab,reads
PHE170409A,SS14,ERR4045378,2017-XX-XX,Europe,uk,Beale_2021,Clinical_Swab,reads
PHE160246A,SS14,ERR4045386,2016-XX-XX,Europe,uk,Beale_2021,Clinical_Swab,reads
PHE160265A,SS14,ERR4045387,2016-XX-XX,Europe,uk,Beale_2021,Clinical_Swab,reads
PHE160295A,SS14,ERR4045389,2016-XX-XX,Europe,uk,Beale_2021,Clinical_Swab,reads
PHE170379A,SS14,ERR4045390,2017-XX-XX,Europe,uk,Beale_2021,Clinical_Swab,reads
PHE160602A,SS14,ERR4045392,2016-XX-XX,Europe,uk,Beale_2021,Clinical_Swab,reads
PHE160271A,SS14,ERR4045396,2016-XX-XX,Europe,uk,Beale_2021,Clinical_Swab,reads
PHE170319A,SS14,ERR4045397,2017-XX-XX,Europe,uk,Beale_2021,Clinical_Swab,reads
TPA_BCC061,SS14,ERR4853527,2012-XX-XX,N.America,canada,Beale_2021,Clinical_Swab,reads
TPA_BCC075,SS14,ERR4853528,2012-XX-XX,N.America,canada,Beale_2021,Clinical_Swab,reads
TPA_BCC079,SS14,ERR4853529,2012-XX-XX,N.America,canada,Beale_2021,Clinical_Swab,reads
TPA_USL-SEA-81-8,SS14,ERR4853532,1981-XX-XX,N.America,usa,Beale_2021,rabbit inoculation,reads
TPA_BCC008,SS14,ERR4853533,2001-XX-XX,N.America,canada,Beale_2021,Clinical_Swab,reads
TPA_BCC023,SS14,ERR4853534,2003-XX-XX,N.America,canada,Beale_2021,Clinical_Swab,reads
TPA_BCC049,SS14,ERR4853535,2011-XX-XX,N.America,canada,Beale_2021,Clinical_Swab,reads
TPA_BCC109,SS14,ERR4853537,2014-XX-XX,N.America,canada,Beale_2021,Clinical_Swab,reads
TPA_BCC139,SS14,ERR4853541,2015-XX-XX,N.America,canada,Beale_2021,Clinical_Swab,reads
TPA_BCC154,SS14,ERR4853543,2016-XX-XX,N.America,canada,Beale_2021,Clinical_Swab,reads
TPA_BCC157,SS14,ERR4853544,2016-XX-XX,N.America,canada,Beale_2021,Clinical_Swab,reads
TPA_BCC163,SS14,ERR4853545,2017-XX-XX,N.America,canada,Beale_2021,Clinical_Swab,reads
TPA_BCC187,SS14,ERR4853547,2018-XX-XX,N.America,canada,Beale_2021,Clinical_Swab,reads
TPA_ALC011,SS14,ERR4853548,2018-XX-XX,N.America,canada,Beale_2021,Clinical_Swab,reads
TPA_ALC023,SS14,ERR4853549,2018-XX-XX,N.America,canada,Beale_2021,Clinical_Swab,reads
TPA_BCC034,SS14,ERR4853550,2005-XX-XX,N.America,canada,Beale_2021,Clinical_Swab,reads
TPA_BCC064,SS14,ERR4853551,2012-XX-XX,N.America,canada,Beale_2021,Clinical_Swab,reads
TPA_BCC130,SS14,ERR4853553,2015-XX-XX,N.America,canada,Beale_2021,Clinical_Swab,reads
TPA_BCC132,SS14,ERR4853554,2015-XX-XX,N.America,canada,Beale_2021,Clinical_Swab,reads
TPA_BCC141,SS14,ERR4853555,2016-XX-XX,N.America,canada,Beale_2021,Clinical_Swab,reads
TPA_BCC147,SS14,ERR4853556,2016-XX-XX,N.America,canada,Beale_2021,Clinical_Swab,reads
TPA_BCC174,SS14,ERR4853559,2017-XX-XX,N.America,canada,Beale_2021,Clinical_Swab,reads
TPA_BCC175,SS14,ERR4853560,2017-XX-XX,N.America,canada,Beale_2021,Clinical_Swab,reads
TPA_BCC181,SS14,ERR4853561,2018-XX-XX,N.America,canada,Beale_2021,Clinical_Swab,reads
TPA_BCC198,SS14,ERR4853562,2018-XX-XX,N.America,canada,Beale_2021,Clinical_Swab,reads
TPA_ALC005,SS14,ERR4853563,2018-XX-XX,N.America,canada,Beale_2021,Clinical_Swab,reads
TPA_ALC035,SS14,ERR4853564,2018-XX-XX,N.America,canada,Beale_2021,Clinical_Swab,reads
TPA_BCC014,SS14,ERR4853565,2002-XX-XX,N.America,canada,Beale_2021,Clinical_Swab,reads
TPA_BCC017,SS14,ERR4853575,2002-XX-XX,N.America,canada,Beale_2021,Clinical_Swab,reads
TPA_BCC027,SS14,ERR4853576,2004-XX-XX,N.America,canada,Beale_2021,Clinical_Swab,reads
TPA_UKMAN047,SS14,ERR4853577,2018-XX-XX,Europe,uk,Beale_2021,Clinical_Swab,reads
TPA_UKMAN049,SS14,ERR4853578,2018-XX-XX,Europe,uk,Beale_2021,Clinical_Swab,reads
TPA_UKMAN054,SS14,ERR4853579,2018-XX-XX,Europe,uk,Beale_2021,Clinical_Swab,reads
TPA_UKMAN003,SS14,ERR4853580,2018-XX-XX,Europe,uk,Beale_2021,Clinical_Swab,reads
TPA_BCC055,SS14,ERR4853582,2011-XX-XX,N.America,canada,Beale_2021,Clinical_Swab,reads
TPA_BCC106,SS14,ERR4853583,2014-XX-XX,N.America,canada,Beale_2021,Clinical_Swab,reads
TPA_BCC127,SS14,ERR4853584,2015-XX-XX,N.America,canada,Beale_2021,Clinical_Swab,reads
TPA_BCC196,SS14,ERR4853585,2018-XX-XX,N.America,canada,Beale_2021,Clinical_Swab,reads
TPA_BCC199,SS14,ERR4853586,2018-XX-XX,N.America,canada,Beale_2021,Clinical_Swab,reads
TPA_EIR017,SS14,ERR4853587,2018-XX-XX,Europe,ireland,Beale_2021,Clinical_Swab,reads
TPA_ALC034,SS14,ERR4853588,2018-XX-XX,N.America,canada,Beale_2021,Clinical_Swab,reads
TPA_ALC055,SS14,ERR4853589,2018-XX-XX,N.America,canada,Beale_2021,Clinical_Swab,reads
TPA_BCC032,SS14,ERR4853590,2004-XX-XX,N.America,canada,Beale_2021,Clinical_Swab,reads
TPA_BCC038,SS14,ERR4853591,2005-XX-XX,N.America,canada,Beale_2021,Clinical_Swab,reads
TPA_BCC063,SS14,ERR4853592,2012-XX-XX,N.America,canada,Beale_2021,Clinical_Swab,reads
TPA_BCC102,SS14,ERR4853593,2014-XX-XX,N.America,canada,Beale_2021,Clinical_Swab,reads
TPA_BCC123,SS14,ERR4853594,2015-XX-XX,N.America,canada,Beale_2021,Clinical_Swab,reads
TPA_BCC185,SS14,ERR4853596,2018-XX-XX,N.America,canada,Beale_2021,Clinical_Swab,reads
TPA_BCC186,SS14,ERR4853597,2018-XX-XX,N.America,canada,Beale_2021,Clinical_Swab,reads
TPA_BCC197,SS14,ERR4853598,2018-XX-XX,N.America,canada,Beale_2021,Clinical_Swab,reads
TPA_ALC077,SS14,ERR4853599,2018-XX-XX,N.America,canada,Beale_2021,Clinical_Swab,reads
TPA_ZIM025,SS14,ERR4853601,2015-XX-XX,Africa,zimbabwe,Beale_2021,Clinical_Swab,reads
TPA_UKBRG012,SS14,ERR4853602,2018-XX-XX,Europe,uk,Beale_2021,Clinical_Swab,reads
TPA_UKBRG010,SS14,ERR4853604,2018-XX-XX,Europe,uk,Beale_2021,Clinical_Swab,reads
TPA_UKBRG017,SS14,ERR4853605,2018-XX-XX,Europe,uk,Beale_2021,Clinical_Swab,reads
TPA_UKBRG009,SS14,ERR4853606,2018-XX-XX,Europe,uk,Beale_2021,Clinical_Swab,reads
TPA_UKMAN019,SS14,ERR4853610,2018-XX-XX,Europe,uk,Beale_2021,Clinical_Swab,reads
TPA_UKMAN027,SS14,ERR4853611,2018-XX-XX,Europe,uk,Beale_2021,Clinical_Swab,reads
TPA_UKBIR052,SS14,ERR4853614,2018-XX-XX,Europe,uk,Beale_2021,Clinical_Swab,reads
TPA_UKLEE004,SS14,ERR4853615,2018-XX-XX,Europe,uk,Beale_2021,Clinical_Swab,reads
TPA_ZIM005,SS14,ERR4853620,2015-XX-XX,Africa,zimbabwe,Beale_2021,Clinical_Swab,reads
TPA_ZIM028,SS14,ERR4853625,2015-XX-XX,Africa,zimbabwe,Beale_2021,Clinical_Swab,reads
TPA_BCC058,SS14,ERR4853629,2011-XX-XX,N.America,canada,Beale_2021,Clinical_Swab,reads
TPA_OMI002,SS14,ERR4853631,2018-XX-XX,Europe,uk,Beale_2021,Clinical_Swab,reads
TPA_ALC002,SS14,ERR4853632,2018-XX-XX,N.America,canada,Beale_2021,Clinical_Swab,reads
TPA_ALC036,SS14,ERR4853633,2018-XX-XX,N.America,canada,Beale_2021,Clinical_Swab,reads
TPA_ALC048,SS14,ERR4853634,2018-XX-XX,N.America,canada,Beale_2021,Clinical_Swab,reads
TPA_ALC073,SS14,ERR4853635,2018-XX-XX,N.America,canada,Beale_2021,Clinical_Swab,reads
TPA_ALC076,SS14,ERR4853636,2018-XX-XX,N.America,canada,Beale_2021,Clinical_Swab,reads
TPA_ALC079,SS14,ERR4853637,2018-XX-XX,N.America,canada,Beale_2021,Clinical_Swab,reads
TPA_BCC026,SS14,ERR4853638,2004-XX-XX,N.America,canada,Beale_2021,Clinical_Swab,reads
TPA_BCC029,SS14,ERR4853639,2004-XX-XX,N.America,canada,Beale_2021,Clinical_Swab,reads
TPA_BCC036,SS14,ERR4853640,2005-XX-XX,N.America,canada,Beale_2021,Clinical_Swab,reads
TPA_BCC052,SS14,ERR4853641,2011-XX-XX,N.America,canada,Beale_2021,Clinical_Swab,reads
TPA_BCC078,SS14,ERR4853642,2012-XX-XX,N.America,canada,Beale_2021,Clinical_Swab,reads
TPA_BCC085,SS14,ERR4853643,2013-XX-XX,N.America,canada,Beale_2021,Clinical_Swab,reads
TPA_BCC107,SS14,ERR4853644,2014-XX-XX,N.America,canada,Beale_2021,Clinical_Swab,reads
TPA_BCC108,SS14,ERR4853645,2014-XX-XX,N.America,canada,Beale_2021,Clinical_Swab,reads
TPA_UKBRG002,SS14,ERR4853646,2018-XX-XX,Europe,uk,Beale_2021,Clinical_Swab,reads
TPA_ESBCN004,SS14,ERR4853647,2015-XX-XX,Europe,spain,Beale_2021,Clinical_Swab,reads
TPA_ESBCN002,SS14,ERR4853648,2015-XX-XX,Europe,spain,Beale_2021,Clinical_Swab,reads
TPA_ESBCN015,SS14,ERR4853649,2015-XX-XX,Europe,spain,Beale_2021,Clinical_Swab,reads
TPA_ESBCN001,SS14,ERR4853650,2015-XX-XX,Europe,spain,Beale_2021,Clinical_Swab,reads
TPA_BCC156,SS14,ERR4853651,2016-XX-XX,N.America,canada,Beale_2021,Clinical_Swab,reads
TPA_USL-SEA-87-1,SS14,ERR4853652,1987-XX-XX,N.America,usa,Beale_2021,rabbit inoculation,reads
TPA_EIR013,SS14,ERR4853653,2018-XX-XX,Europe,ireland,Beale_2021,Clinical_Swab,reads
TPA_BCC188,SS14,ERR4853654,2018-XX-XX,N.America,canada,Beale_2021,Clinical_Swab,reads
TPA_ALC009,SS14,ERR4853655,2018-XX-XX,N.America,canada,Beale_2021,Clinical_Swab,reads
TPA_ALC032,SS14,ERR4853656,2018-XX-XX,N.America,canada,Beale_2021,Clinical_Swab,reads
TPA_ALC052,SS14,ERR4853657,2018-XX-XX,N.America,canada,Beale_2021,Clinical_Swab,reads
TPA_ALC053,SS14,ERR4853658,2018-XX-XX,N.America,canada,Beale_2021,Clinical_Swab,reads
TPA_ALC078,SS14,ERR4853659,2018-XX-XX,N.America,canada,Beale_2021,Clinical_Swab,reads
TPA_BEL014,SS14,ERR4853660,2016-XX-XX,Europe,belgium,Beale_2021,Clinical_Swab,reads
TPA_BCC125,SS14,ERR4853661,2015-XX-XX,N.America,canada,Beale_2021,Clinical_Swab,reads
TPA_BCC128,SS14,ERR4853662,2015-XX-XX,N.America,canada,Beale_2021,Clinical_Swab,reads
TPA_BCC129,SS14,ERR4853663,2015-XX-XX,N.America,canada,Beale_2021,Clinical_Swab,reads
TPA_BCC135,SS14,ERR4853664,2015-XX-XX,N.America,canada,Beale_2021,Clinical_Swab,reads
TPA_BCC137,SS14,ERR4853665,2015-XX-XX,N.America,canada,Beale_2021,Clinical_Swab,reads
TPA_BCC138,SS14,ERR4853666,2015-XX-XX,N.America,canada,Beale_2021,Clinical_Swab,reads
TPA_BCC140,SS14,ERR4853667,2016-XX-XX,N.America,canada,Beale_2021,Clinical_Swab,reads
TPA_BCC143,SS14,ERR4853668,2016-XX-XX,N.America,canada,Beale_2021,Clinical_Swab,reads
TPA_BCC144,SS14,ERR4853669,2016-XX-XX,N.America,canada,Beale_2021,Clinical_Swab,reads
TPA_BCC145,SS14,ERR4853670,2016-XX-XX,N.America,canada,Beale_2021,Clinical_Swab,reads
TPA_BCC146,SS14,ERR4853671,2016-XX-XX,N.America,canada,Beale_2021,Clinical_Swab,reads
TPA_BCC153,SS14,ERR4853672,2016-XX-XX,N.America,canada,Beale_2021,Clinical_Swab,reads
TPA_BCC161,SS14,ERR4853673,2017-XX-XX,N.America,canada,Beale_2021,Clinical_Swab,reads
TPA_BCC166,SS14,ERR4853674,2017-XX-XX,N.America,canada,Beale_2021,Clinical_Swab,reads
TPA_BCC172,SS14,ERR4853675,2017-XX-XX,N.America,canada,Beale_2021,Clinical_Swab,reads
TPA_BCC176,SS14,ERR4853676,2017-XX-XX,N.America,canada,Beale_2021,Clinical_Swab,reads
TPA_BCC180,SS14,ERR4853677,2018-XX-XX,N.America,canada,Beale_2021,Clinical_Swab,reads
TPA_BCC182,SS14,ERR4853678,2018-XX-XX,N.America,canada,Beale_2021,Clinical_Swab,reads
TPA_BCC183,SS14,ERR4853679,2018-XX-XX,N.America,canada,Beale_2021,Clinical_Swab,reads
TPA_BCC191,SS14,ERR4853680,2018-XX-XX,N.America,canada,Beale_2021,Clinical_Swab,reads
TPA_BCC194,SS14,ERR4853681,2018-XX-XX,N.America,canada,Beale_2021,Clinical_Swab,reads
TPA_BCC195,SS14,ERR4853682,2018-XX-XX,N.America,canada,Beale_2021,Clinical_Swab,reads
TPA_UKBRG015,SS14,ERR4853683,2018-XX-XX,Europe,uk,Beale_2021,Clinical_Swab,reads
TPA_EIR008,SS14,ERR4853684,2018-XX-XX,Europe,ireland,Beale_2021,Clinical_Swab,reads
TPA_BCC005,SS14,ERR4899197,2000-XX-XX,N.America,canada,Beale_2021,Clinical_Swab,reads
TPA_BCC009,SS14,ERR4899198,2001-XX-XX,N.America,canada,Beale_2021,Clinical_Swab,reads
TPA_BCC111,SS14,ERR4899200,2014-XX-XX,N.America,canada,Beale_2021,Clinical_Swab,reads
TPA_BCC165,SS14,ERR4899201,2017-XX-XX,N.America,canada,Beale_2021,Clinical_Swab,reads
TPA_ALC015,SS14,ERR4899202,2018-XX-XX,N.America,canada,Beale_2021,Clinical_Swab,reads
TPA_UKBRG004,SS14,ERR4899203,2018-XX-XX,Europe,uk,Beale_2021,Clinical_Swab,reads
TPA_UKBRG018,SS14,ERR4899204,2018-XX-XX,Europe,uk,Beale_2021,Clinical_Swab,reads
TPA_UKMAN008,SS14,ERR4899207,2018-XX-XX,Europe,uk,Beale_2021,Clinical_Swab,reads
TPA_UKBIR005,SS14,ERR4899208,2018-XX-XX,Europe,uk,Beale_2021,Clinical_Swab,reads
TPA_OMI015,SS14,ERR4899216,2017-XX-XX,Europe,uk,Beale_2021,Clinical_Swab,reads
TPA_BCC044,SS14,ERR4899222,2009-XX-XX,N.America,canada,Beale_2021,Clinical_Swab,reads
TPA_BCC045,SS14,ERR4899223,2010-XX-XX,N.America,canada,Beale_2021,Clinical_Swab,reads
TPA_UKBIR026,SS14,ERR4899224,2018-XX-XX,Europe,uk,Beale_2021,Clinical_Swab,reads
TPA_UKBIR029,SS14,ERR4899225,2018-XX-XX,Europe,uk,Beale_2021,Clinical_Swab,reads
TPA_UKBIR043,SS14,ERR4899226,2018-XX-XX,Europe,uk,Beale_2021,Clinical_Swab,reads
TPA_UKBIR049,SS14,ERR4899227,2018-XX-XX,Europe,uk,Beale_2021,Clinical_Swab,reads
TPA_UKLEE006,SS14,ERR4899228,2018-XX-XX,Europe,uk,Beale_2021,Clinical_Swab,reads
TPA_UKLEE012,SS14,ERR4899229,2018-XX-XX,Europe,uk,Beale_2021,Clinical_Swab,reads
TPA_USL-Phil-1,SS14,ERR4899230,1987-XX-XX,N.America,usa,Beale_2021,rabbit inoculation,reads
TPA_USL-Grady-1,SS14,ERR4899231,1994-XX-XX,N.America,usa,Beale_2021,rabbit inoculation,reads
TPA_ZIM003,SS14,ERR4899233,2015-XX-XX,Africa,zimbabwe,Beale_2021,Clinical_Swab,reads
TPA_ZIM004,SS14,ERR4899234,2015-XX-XX,Africa,zimbabwe,Beale_2021,Clinical_Swab,reads
TPA_ZIM006,SS14,ERR4899235,2015-XX-XX,Africa,zimbabwe,Beale_2021,Clinical_Swab,reads
TPA_ZIM007,SS14,ERR4899236,2015-XX-XX,Africa,zimbabwe,Beale_2021,Clinical_Swab,reads
TPA_ZIM009,SS14,ERR4899237,2015-XX-XX,Africa,zimbabwe,Beale_2021,Clinical_Swab,reads
TPA_ZIM023,SS14,ERR4899240,2015-XX-XX,Africa,zimbabwe,Beale_2021,Clinical_Swab,reads
TPA_ZIM024,SS14,ERR4899241,2015-XX-XX,Africa,zimbabwe,Beale_2021,Clinical_Swab,reads
TPA_OMI075,SS14,ERR4899243,2017-XX-XX,Europe,uk,Beale_2021,Clinical_Swab,reads
TPA_BCC004,SS14,ERR4993350,2000-XX-XX,N.America,canada,Beale_2021,Clinical_Swab,reads
TPA_BCC030,SS14,ERR4993352,2004-XX-XX,N.America,canada,Beale_2021,Clinical_Swab,reads
TPA_BCC040,SS14,ERR4993353,2006-XX-XX,N.America,canada,Beale_2021,Clinical_Swab,reads
TPA_BCC134,SS14,ERR4993355,2015-XX-XX,N.America,canada,Beale_2021,Clinical_Swab,reads
TPA_USL-BAL-2,SS14,ERR4993356,1971-XX-XX,N.America,usa,Beale_2021,rabbit inoculation,reads
TPA_USL-SEA-81-3,SS14,ERR4993358,1981-XX-XX,N.America,usa,Beale_2021,rabbit inoculation,reads
TPA_USL-SEA-84-2,SS14,ERR4993359,1984-XX-XX,N.America,usa,Beale_2021,rabbit inoculation,reads
TPA_ALC103,SS14,ERR5206964,2019-XX-XX,N.America,canada,Beale_2021,Clinical_Swab,reads
TPA_ALC104,SS14,ERR5206965,2019-XX-XX,N.America,canada,Beale_2021,Clinical_Swab,reads
TPA_ALC106,SS14,ERR5206966,2019-XX-XX,N.America,canada,Beale_2021,Clinical_Swab,reads
TPA_ALC110,SS14,ERR5206967,2019-XX-XX,N.America,canada,Beale_2021,Clinical_Swab,reads
TPA_ALC111,SS14,ERR5206968,2019-XX-XX,N.America,canada,Beale_2021,Clinical_Swab,reads
TPA_ALC112,SS14,ERR5206969,2019-XX-XX,N.America,canada,Beale_2021,Clinical_Swab,reads
TPA_ALC115,SS14,ERR5206970,2019-XX-XX,N.America,canada,Beale_2021,Clinical_Swab,reads
TPA_ALC120,SS14,ERR5206971,2019-XX-XX,N.America,canada,Beale_2021,Clinical_Swab,reads
TPA_ALC124,SS14,ERR5206972,2019-XX-XX,N.America,canada,Beale_2021,Clinical_Swab,reads
TPA_ALC125,SS14,ERR5206973,2019-XX-XX,N.America,canada,Beale_2021,Clinical_Swab,reads
TPA_ALC126,SS14,ERR5206974,2019-XX-XX,N.America,canada,Beale_2021,Clinical_Swab,reads
TPA_ALC131,SS14,ERR5206975,2019-XX-XX,N.America,canada,Beale_2021,Clinical_Swab,reads
TPA_ALC135,SS14,ERR5206976,2019-XX-XX,N.America,canada,Beale_2021,Clinical_Swab,reads
TPA_ALC139,SS14,ERR5206977,2019-XX-XX,N.America,canada,Beale_2021,Clinical_Swab,reads
TPA_ALC142,SS14,ERR5206978,2019-XX-XX,N.America,canada,Beale_2021,Clinical_Swab,reads
TPA_ALC146,SS14,ERR5206979,2019-XX-XX,N.America,canada,Beale_2021,Clinical_Swab,reads
TPA_ALC149,SS14,ERR5206980,2019-XX-XX,N.America,canada,Beale_2021,Clinical_Swab,reads
TPA_ALC151,SS14,ERR5206981,2019-XX-XX,N.America,canada,Beale_2021,Clinical_Swab,reads
TPA_ALC153,SS14,ERR5206982,2019-XX-XX,N.America,canada,Beale_2021,Clinical_Swab,reads
TPA_ALC158,SS14,ERR5206983,2019-XX-XX,N.America,canada,Beale_2021,Clinical_Swab,reads
TPA_ALC162,SS14,ERR5206984,2019-XX-XX,N.America,canada,Beale_2021,Clinical_Swab,reads
TPA_ALC168,SS14,ERR5206985,2019-XX-XX,N.America,canada,Beale_2021,Clinical_Swab,reads
TPA_ALC172,SS14,ERR5206986,2019-XX-XX,N.America,canada,Beale_2021,Clinical_Swab,reads
TPA_ALC179,SS14,ERR5206987,2019-XX-XX,N.America,canada,Beale_2021,Clinical_Swab,reads
TPA_ALC180,SS14,ERR5206988,2019-XX-XX,N.America,canada,Beale_2021,Clinical_Swab,reads
TPA_ALC181,SS14,ERR5206989,2019-XX-XX,N.America,canada,Beale_2021,Clinical_Swab,reads
TPA_ALC105,SS14,ERR5206990,2019-XX-XX,N.America,canada,Beale_2021,Clinical_Swab,reads
TPA_ALC107,SS14,ERR5206991,2019-XX-XX,N.America,canada,Beale_2021,Clinical_Swab,reads
TPA_ALC123,SS14,ERR5206992,2019-XX-XX,N.America,canada,Beale_2021,Clinical_Swab,reads
TPA_ALC133,SS14,ERR5206993,2019-XX-XX,N.America,canada,Beale_2021,Clinical_Swab,reads
TPA_ALC136,SS14,ERR5206994,2019-XX-XX,N.America,canada,Beale_2021,Clinical_Swab,reads
TPA_ALC152,SS14,ERR5206995,2019-XX-XX,N.America,canada,Beale_2021,Clinical_Swab,reads
TPA_ALC155,SS14,ERR5206996,2019-XX-XX,N.America,canada,Beale_2021,Clinical_Swab,reads
TPA_ALC156,SS14,ERR5206997,2019-XX-XX,N.America,canada,Beale_2021,Clinical_Swab,reads
TPA_ALC173,SS14,ERR5206998,2019-XX-XX,N.America,canada,Beale_2021,Clinical_Swab,reads
TPA_ALC175,SS14,ERR5206999,2019-XX-XX,N.America,canada,Beale_2021,Clinical_Swab,reads
TPA_ALC129,SS14,ERR5207000,2019-XX-XX,N.America,canada,Beale_2021,Clinical_Swab,reads
TPA_ALC056,SS14,ERR5207002,2018-XX-XX,N.America,canada,Beale_2021,Clinical_Swab,reads
TPA_BCC103,SS14,ERR5207003,2014-XX-XX,N.America,canada,Beale_2021,Clinical_Swab,reads
TPA_UKBRG011,SS14,ERR5207004,2018-XX-XX,Europe,uk,Beale_2021,Clinical_Swab,reads
TPA_UKBIR030,SS14,ERR5207005,2018-XX-XX,Europe,uk,Beale_2021,Clinical_Swab,reads
TPA_UKBIR050,SS14,ERR5207006,2018-XX-XX,Europe,uk,Beale_2021,Clinical_Swab,reads
TPA_ZIM019,SS14,ERR5207007,2015-XX-XX,Africa,zimbabwe,Beale_2021,Clinical_Swab,reads
TPA_OMI006,SS14,ERR5207008,2018-XX-XX,Europe,uk,Beale_2021,Clinical_Swab,reads
TPA_OMI022,SS14,ERR5207009,2018-XX-XX,Europe,uk,Beale_2021,Clinical_Swab,reads
TPA_OMI033,SS14,ERR5207010,2017-XX-XX,Europe,uk,Beale_2021,Clinical_Swab,reads
TPA_OMI029,SS14,ERR5207011,2017-XX-XX,Europe,uk,Beale_2021,Clinical_Swab,reads
TPA_HUN180001,SS14,ERR5207013,2018-XX-XX,Europe,hungary,Beale_2021,Clinical_Swab,reads
TPA_HUN190008,SS14,ERR5207014,2019-XX-XX,Europe,hungary,Beale_2021,Clinical_Swab,reads
TPA_HUN190017,SS14,ERR5207015,2019-XX-XX,Europe,hungary,Beale_2021,Clinical_Swab,reads
TPA_HUN190018,SS14,ERR5207016,2019-XX-XX,Europe,hungary,Beale_2021,Clinical_Swab,reads
TPA_HUN200024,SS14,ERR5207018,2019-XX-XX,Europe,hungary,Beale_2021,Clinical_Swab,reads
TPA_RUS_Tuva-41,SS14,ERR5207019,2014-XX-XX,Asia,russia,Beale_2021,Clinical_Swab,reads
TPA_HUN180005,SS14,ERR5207021,2018-XX-XX,Europe,hungary,Beale_2021,Clinical_Swab,reads
TPA_HUN180006,SS14,ERR5207022,2018-XX-XX,Europe,hungary,Beale_2021,Clinical_Swab,reads
TPA_HUN190011,SS14,ERR5207023,2019-XX-XX,Europe,hungary,Beale_2021,Clinical_Swab,reads
TPA_HUN190014,SS14,ERR5207024,2019-XX-XX,Europe,hungary,Beale_2021,Clinical_Swab,reads
TPA_HUN190022,SS14,ERR5207025,2019-XX-XX,Europe,hungary,Beale_2021,Clinical_Swab,reads
TPA_RUS_Tuva-39,SS14,ERR5207026,2014-XX-XX,Asia,russia,Beale_2021,Clinical_Swab,reads
TPA_RUS_Tuva-58,SS14,ERR5207027,2014-XX-XX,Asia,russia,Beale_2021,Clinical_Swab,reads
TPA_RUS_Tuva-67,SS14,ERR5207028,2014-XX-XX,Asia,russia,Beale_2021,Clinical_Swab,reads
TPA_RUS_Tuva-59,SS14,ERR5207029,2014-XX-XX,Asia,russia,Beale_2021,Clinical_Swab,reads
TPA_SWE-575,SS14,ERR5207030,2019-XX-XX,Europe,sweden,Beale_2021,Clinical_Swab,reads
TPA_SWE-996,SS14,ERR5207031,2019-XX-XX,Europe,sweden,Beale_2021,Clinical_Swab,reads
TPA_SWE-2189,SS14,ERR5207032,2019-XX-XX,Europe,sweden,Beale_2021,Clinical_Swab,reads
TPA_AUSBR-83,SS14,ERR5207033,2019-XX-XX,Oceania,australia,Beale_2021,Clinical_Swab,reads
TPA_RUS_Tuva-26,SS14,ERR5207034,2013-XX-XX,Asia,russia,Beale_2021,Clinical_Swab,reads
TPA_HUN190009,SS14,ERR5210564,2019-XX-XX,Europe,hungary,Beale_2021,Clinical_Swab,reads
TPA_HUN190015,SS14,ERR5210566,2019-XX-XX,Europe,hungary,Beale_2021,Clinical_Swab,reads
TPA_RUS_Tuva-61,SS14,ERR5210568,2014-XX-XX,Asia,russia,Beale_2021,Clinical_Swab,reads
TPA_SWE-467,SS14,ERR5210569,2019-XX-XX,Europe,sweden,Beale_2021,Clinical_Swab,reads
TPA_AUSBR-45,SS14,ERR5210570,2019-XX-XX,Oceania,australia,Beale_2021,Clinical_Swab,reads
TPA_HUN180002,SS14,ERR5210571,2018-XX-XX,Europe,hungary,Beale_2021,Clinical_Swab,reads
TPA_HUN180007,SS14,ERR5210572,2018-XX-XX,Europe,hungary,Beale_2021,Clinical_Swab,reads
TPA_HUN190016,SS14,ERR5210573,2019-XX-XX,Europe,hungary,Beale_2021,Clinical_Swab,reads
TPA_HUN190023,SS14,ERR5210574,2019-XX-XX,Europe,hungary,Beale_2021,Clinical_Swab,reads
TPA_RUS_Tuva-49,SS14,ERR5210575,2014-XX-XX,Asia,russia,Beale_2021,Clinical_Swab,reads
TPA_RUS_Tuva-62,SS14,ERR5210576,2014-XX-XX,Asia,russia,Beale_2021,Clinical_Swab,reads
TPA_RUS_Tuva-54,SS14,ERR5210577,2014-XX-XX,Asia,russia,Beale_2021,Clinical_Swab,reads
TPA_SWE-507,SS14,ERR5210578,2019-XX-XX,Europe,sweden,Beale_2021,Clinical_Swab,reads
TPA_SWE-662,SS14,ERR5210579,2019-XX-XX,Europe,sweden,Beale_2021,Clinical_Swab,reads
TPA_SWE-1352,SS14,ERR5210580,2019-XX-XX,Europe,sweden,Beale_2021,Clinical_Swab,reads
TPA_AUSBR-39,SS14,ERR5210581,2019-XX-XX,Oceania,australia,Beale_2021,Clinical_Swab,reads
TPA_AUSBR-113,SS14,ERR5210582,2019-XX-XX,Oceania,australia,Beale_2021,Clinical_Swab,reads
Mexico_A-mcf,SS14,ERR5210584,1953-XX-XX,N.America,mexico,Beale_2021,rabbit inoculation,reads
SS14_v2,SS14,NC_021508.1,1977-XX-XX,N.America,usa,Pětrošová_2013,rabbit passage,assemblies
SMUTp_09,SS14,SRR10041767,2018-XX-XX,Asia,china,Chen_2020,Clinical_Swab,reads
SMUTp_08,SS14,SRR10041768,2018-XX-XX,Asia,china,Chen_2020,Clinical_Swab,reads
SMUTp_04,SS14,SRR10041772,2018-XX-XX,Asia,china,Chen_2020,Clinical_Swab,reads
SMUTp_02,SS14,SRR10041774,2017-XX-XX,Asia,china,Chen_2020,rabbit_passage,reads
SMUTp_01,SS14,SRR10041775,2018-XX-XX,Asia,china,Chen_2020,rabbit_passage,reads
TPAUS_244,SS14,SRR15440024,2018-05-14,Oceania,australia,Taouk_2022,Clinical,reads
TPAUS_243,SS14,SRR15440025,2018-07-05,Oceania,australia,Taouk_2022,Clinical,reads
TPAUS_240,SS14,SRR15440026,2018-04-05,Oceania,australia,Taouk_2022,Clinical,reads
TPAUS_237,SS14,SRR15440027,2018-04-27,Oceania,australia,Taouk_2022,Clinical,reads
TPAUS_235,SS14,SRR15440028,2018-04-23,Oceania,australia,Taouk_2022,Clinical,reads
TPAUS_234,SS14,SRR15440029,2018-04-19,Oceania,australia,Taouk_2022,Clinical,reads
TPAUS_042,SS14,SRR15440030,2018-11-12,Oceania,australia,Taouk_2022,Clinical,reads
TPAUS_231,SS14,SRR15440032,2018-02-28,Oceania,australia,Taouk_2022,Clinical,reads
TPAUS_230,SS14,SRR15440033,2018-03-27,Oceania,australia,Taouk_2022,Clinical,reads
TPAUS_229,SS14,SRR15440034,2018-03-27,Oceania,australia,Taouk_2022,Clinical,reads
TPAUS_226,SS14,SRR15440036,2017-07-21,Oceania,australia,Taouk_2022,Clinical,reads
TPAUS_225,SS14,SRR15440037,2019-04-16,Oceania,australia,Taouk_2022,Clinical,reads
TPAUS_224,SS14,SRR15440038,2019-04-16,Oceania,australia,Taouk_2022,Clinical,reads
TPAUS_223,SS14,SRR15440039,2019-12-04,Oceania,australia,Taouk_2022,Clinical,reads
TPAUS_222,SS14,SRR15440040,2019-09-04,Oceania,australia,Taouk_2022,Clinical,reads
TPAUS_040,SS14,SRR15440041,2019-07-01,Oceania,australia,Taouk_2022,Clinical,reads
TPAUS_221,SS14,SRR15440042,2019-09-04,Oceania,australia,Taouk_2022,Clinical,reads
TPAUS_218,SS14,SRR15440043,2019-05-04,Oceania,australia,Taouk_2022,Clinical,reads
TPAUS_214,SS14,SRR15440044,2019-03-21,Oceania,australia,Taouk_2022,Clinical,reads
TPAUS_211,SS14,SRR15440045,2019-03-14,Oceania,australia,Taouk_2022,Clinical,reads
TPAUS_210,SS14,SRR15440046,2019-12-03,Oceania,australia,Taouk_2022,Clinical,reads
TPAUS_208,SS14,SRR15440047,2019-02-22,Oceania,australia,Taouk_2022,Clinical,reads
TPAUS_206,SS14,SRR15440048,2019-02-23,Oceania,australia,Taouk_2022,Clinical,reads
TPAUS_204,SS14,SRR15440050,2019-02-18,Oceania,australia,Taouk_2022,Clinical,reads
TPAUS_203,SS14,SRR15440051,2019-02-15,Oceania,australia,Taouk_2022,Clinical,reads
TPAUS_201,SS14,SRR15440053,2019-02-13,Oceania,australia,Taouk_2022,Clinical,reads
TPAUS_200,SS14,SRR15440054,2019-12-02,Oceania,australia,Taouk_2022,Clinical,reads
TPAUS_199,SS14,SRR15440055,2019-11-02,Oceania,australia,Taouk_2022,Clinical,reads
TPAUS_198,SS14,SRR15440056,2019-11-02,Oceania,australia,Taouk_2022,Clinical,reads
TPAUS_197,SS14,SRR15440057,2019-07-02,Oceania,australia,Taouk_2022,Clinical,reads
TPAUS_196,SS14,SRR15440058,2019-06-02,Oceania,australia,Taouk_2022,Clinical,reads
TPAUS_195,SS14,SRR15440059,2019-01-02,Oceania,australia,Taouk_2022,Clinical,reads
TPAUS_194,SS14,SRR15440060,2019-01-02,Oceania,australia,Taouk_2022,Clinical,reads
TPAUS_190,SS14,SRR15440061,2019-01-16,Oceania,australia,Taouk_2022,Clinical,reads
TPAUS_189,SS14,SRR15440062,2019-01-15,Oceania,australia,Taouk_2022,Clinical,reads
TPAUS_188,SS14,SRR15440064,2019-08-04,Oceania,australia,Taouk_2022,Clinical,reads
TPAUS_187,SS14,SRR15440065,2019-01-14,Oceania,australia,Taouk_2022,Clinical,reads
TPAUS_183,SS14,SRR15440068,2019-02-01,Oceania,australia,Taouk_2022,Clinical,reads
TPAUS_182,SS14,SRR15440069,2018-12-19,Oceania,australia,Taouk_2022,Clinical,reads
TPAUS_181,SS14,SRR15440070,2018-12-18,Oceania,australia,Taouk_2022,Clinical,reads
TPAUS_180,SS14,SRR15440071,2018-12-18,Oceania,australia,Taouk_2022,Clinical,reads
TPAUS_179,SS14,SRR15440072,2018-12-28,Oceania,australia,Taouk_2022,Clinical,reads
TPAUS_036,SS14,SRR15440074,2018-08-01,Oceania,australia,Taouk_2022,Clinical,reads
TPAUS_177,SS14,SRR15440075,2017-09-14,Oceania,australia,Taouk_2022,Clinical,reads
TPAUS_176,SS14,SRR15440076,2018-11-29,Oceania,australia,Taouk_2022,Clinical,reads
TPAUS_175,SS14,SRR15440077,2018-11-29,Oceania,australia,Taouk_2022,Clinical,reads
TPAUS_174,SS14,SRR15440078,2018-11-30,Oceania,australia,Taouk_2022,Clinical,reads
TPAUS_173,SS14,SRR15440079,2018-11-27,Oceania,australia,Taouk_2022,Clinical,reads
TPAUS_169,SS14,SRR15440082,2018-11-19,Oceania,australia,Taouk_2022,Clinical,reads
TPAUS_168,SS14,SRR15440083,2018-11-15,Oceania,australia,Taouk_2022,Clinical,reads
TPAUS_167,SS14,SRR15440084,2018-11-14,Oceania,australia,Taouk_2022,Clinical,reads
TPAUS_166,SS14,SRR15440086,2018-10-26,Oceania,australia,Taouk_2022,Clinical,reads
TPAUS_165,SS14,SRR15440087,2018-05-11,Oceania,australia,Taouk_2022,Clinical,reads
TPAUS_163,SS14,SRR15440089,2018-01-11,Oceania,australia,Taouk_2022,Clinical,reads
TPAUS_162,SS14,SRR15440090,2018-10-22,Oceania,australia,Taouk_2022,Clinical,reads
TPAUS_161,SS14,SRR15440091,2018-10-25,Oceania,australia,Taouk_2022,Clinical,reads
TPAUS_159,SS14,SRR15440093,2018-02-10,Oceania,australia,Taouk_2022,Clinical,reads
TPAUS_157,SS14,SRR15440094,2018-09-14,Oceania,australia,Taouk_2022,Clinical,reads
TPAUS_156,SS14,SRR15440095,2018-12-09,Oceania,australia,Taouk_2022,Clinical,reads
TPAUS_034,SS14,SRR15440096,2018-05-11,Oceania,australia,Taouk_2022,Clinical,reads
TPAUS_006,SS14,SRR15440098,2019-03-21,Oceania,australia,Taouk_2022,Clinical,reads
TPAUS_155,SS14,SRR15440099,2018-09-20,Oceania,australia,Taouk_2022,Clinical,reads
TPAUS_153,SS14,SRR15440101,2018-11-09,Oceania,australia,Taouk_2022,Clinical,reads
TPAUS_151,SS14,SRR15440103,2018-03-09,Oceania,australia,Taouk_2022,Clinical,reads
TPAUS_149,SS14,SRR15440105,2017-02-02,Oceania,australia,Taouk_2022,Clinical,reads
TPAUS_148,SS14,SRR15440106,2017-09-01,Oceania,australia,Taouk_2022,Clinical,reads
TPAUS_147,SS14,SRR15440107,2016-02-22,Oceania,australia,Taouk_2022,Clinical,reads
TPAUS_146,SS14,SRR15440108,2017-04-18,Oceania,australia,Taouk_2022,Clinical,reads
TPAUS_143,SS14,SRR15440112,2015-12-16,Oceania,australia,Taouk_2022,Clinical,reads
TPAUS_141,SS14,SRR15440114,2015-02-07,Oceania,australia,Taouk_2022,Clinical,reads
TPAUS_138,SS14,SRR15440117,2017-12-09,Oceania,australia,Taouk_2022,Clinical,reads
TPAUS_137,SS14,SRR15440118,2016-02-16,Oceania,australia,Taouk_2022,Clinical,reads
TPAUS_136,SS14,SRR15440119,2016-01-03,Oceania,australia,Taouk_2022,Clinical,reads
TPAUS_027,SS14,SRR15440120,2019-01-19,Oceania,australia,Taouk_2022,Clinical,reads
TPAUS_134,SS14,SRR15440122,2016-07-04,Oceania,australia,Taouk_2022,Clinical,reads
TPAUS_133,SS14,SRR15440123,2017-01-19,Oceania,australia,Taouk_2022,Clinical,reads
TPAUS_132,SS14,SRR15440124,2015-05-28,Oceania,australia,Taouk_2022,Clinical,reads
TPAUS_131,SS14,SRR15440125,2016-02-29,Oceania,australia,Taouk_2022,Clinical,reads
TPAUS_128,SS14,SRR15440126,2016-05-19,Oceania,australia,Taouk_2022,Clinical,reads
TPAUS_126,SS14,SRR15440128,2015-07-12,Oceania,australia,Taouk_2022,Clinical,reads
TPAUS_124,SS14,SRR15440130,2016-12-04,Oceania,australia,Taouk_2022,Clinical,reads
TPAUS_025,SS14,SRR15440131,2018-01-30,Oceania,australia,Taouk_2022,Clinical,reads
TPAUS_122,SS14,SRR15440133,2016-03-05,Oceania,australia,Taouk_2022,Clinical,reads
TPAUS_121,SS14,SRR15440134,2017-02-02,Oceania,australia,Taouk_2022,Clinical,reads
TPAUS_120,SS14,SRR15440135,2015-10-29,Oceania,australia,Taouk_2022,Clinical,reads
TPAUS_119,SS14,SRR15440136,2017-10-19,Oceania,australia,Taouk_2022,Clinical,reads
TPAUS_118,SS14,SRR15440137,2017-02-08,Oceania,australia,Taouk_2022,Clinical,reads
TPAUS_116,SS14,SRR15440139,2015-05-14,Oceania,australia,Taouk_2022,Clinical,reads
TPAUS_113,SS14,SRR15440140,2015-04-12,Oceania,australia,Taouk_2022,Clinical,reads
TPAUS_111,SS14,SRR15440141,2018-06-04,Oceania,australia,Taouk_2022,Clinical,reads
TPAUS_108,SS14,SRR15440144,2015-10-29,Oceania,australia,Taouk_2022,Clinical,reads
TPAUS_107,SS14,SRR15440145,2015-06-30,Oceania,australia,Taouk_2022,Clinical,reads
TPAUS_106,SS14,SRR15440146,2015-12-16,Oceania,australia,Taouk_2022,Clinical,reads
TPAUS_102,SS14,SRR15440147,2016-02-03,Oceania,australia,Taouk_2022,Clinical,reads
TPAUS_101,SS14,SRR15440148,2016-12-04,Oceania,australia,Taouk_2022,Clinical,reads
TPAUS_099,SS14,SRR15440150,2016-02-05,Oceania,australia,Taouk_2022,Clinical,reads
TPAUS_098,SS14,SRR15440151,2016-10-06,Oceania,australia,Taouk_2022,Clinical,reads
TPAUS_097,SS14,SRR15440152,2017-03-29,Oceania,australia,Taouk_2022,Clinical,reads
TPAUS_018,SS14,SRR15440153,2019-12-03,Oceania,australia,Taouk_2022,Clinical,reads
TPAUS_096,SS14,SRR15440154,2016-05-30,Oceania,australia,Taouk_2022,Clinical,reads
TPAUS_094,SS14,SRR15440155,2016-10-05,Oceania,australia,Taouk_2022,Clinical,reads
TPAUS_093,SS14,SRR15440156,2016-06-16,Oceania,australia,Taouk_2022,Clinical,reads
TPAUS_813,SS14,SRR15440158,2014-11-26,Oceania,australia,Taouk_2022,Clinical,reads
TPAUS_811,SS14,SRR15440159,2014-01-09,Oceania,australia,Taouk_2022,Clinical,reads
TPAUS_810,SS14,SRR15440160,2014-01-08,Oceania,australia,Taouk_2022,Clinical,reads
TPAUS_809,SS14,SRR15440161,2014-07-21,Oceania,australia,Taouk_2022,Clinical,reads
TPAUS_808,SS14,SRR15440162,2014-06-17,Oceania,australia,Taouk_2022,Clinical,reads
TPAUS_806,SS14,SRR15440163,2014-03-04,Oceania,australia,Taouk_2022,Clinical,reads
TPAUS_091,SS14,SRR15440164,2016-03-29,Oceania,australia,Taouk_2022,Clinical,reads
TPAUS_805,SS14,SRR15440165,2014-03-24,Oceania,australia,Taouk_2022,Clinical,reads
TPAUS_804,SS14,SRR15440166,2014-02-19,Oceania,australia,Taouk_2022,Clinical,reads
TPAUS_801,SS14,SRR15440167,2013-07-11,Oceania,australia,Taouk_2022,Clinical,reads
TPAUS_799,SS14,SRR15440168,2013-05-09,Oceania,australia,Taouk_2022,Clinical,reads
TPAUS_798,SS14,SRR15440169,2013-08-23,Oceania,australia,Taouk_2022,Clinical,reads
TPAUS_797,SS14,SRR15440170,2013-01-07,Oceania,australia,Taouk_2022,Clinical,reads
TPAUS_796,SS14,SRR15440171,2013-07-05,Oceania,australia,Taouk_2022,Clinical,reads
TPAUS_795,SS14,SRR15440172,2013-03-05,Oceania,australia,Taouk_2022,Clinical,reads
TPAUS_794,SS14,SRR15440173,2013-04-30,Oceania,australia,Taouk_2022,Clinical,reads
TPAUS_793,SS14,SRR15440174,2013-08-03,Oceania,australia,Taouk_2022,Clinical,reads
TPAUS_090,SS14,SRR15440175,2016-07-01,Oceania,australia,Taouk_2022,Clinical,reads
TPAUS_791,SS14,SRR15440176,2013-01-31,Oceania,australia,Taouk_2022,Clinical,reads
TPAUS_786,SS14,SRR15440177,2012-04-20,Oceania,australia,Taouk_2022,Clinical,reads
TPAUS_785,SS14,SRR15440178,2012-04-27,Oceania,australia,Taouk_2022,Clinical,reads
TPAUS_784,SS14,SRR15440179,2012-08-16,Oceania,australia,Taouk_2022,Clinical,reads
TPAUS_783,SS14,SRR15440180,2012-01-10,Oceania,australia,Taouk_2022,Clinical,reads
TPAUS_781,SS14,SRR15440181,2012-10-09,Oceania,australia,Taouk_2022,Clinical,reads
TPAUS_780,SS14,SRR15440182,2012-10-09,Oceania,australia,Taouk_2022,Clinical,reads
TPAUS_779,SS14,SRR15440183,2012-12-20,Oceania,australia,Taouk_2022,Clinical,reads
TPAUS_775,SS14,SRR15440184,2011-08-26,Oceania,australia,Taouk_2022,Clinical,reads
TPAUS_772,SS14,SRR15440185,2011-08-24,Oceania,australia,Taouk_2022,Clinical,reads
TPAUS_768,SS14,SRR15440187,2011-05-13,Oceania,australia,Taouk_2022,Clinical,reads
TPAUS_766,SS14,SRR15440188,2010-12-13,Oceania,australia,Taouk_2022,Clinical,reads
TPAUS_765,SS14,SRR15440189,2010-07-10,Oceania,australia,Taouk_2022,Clinical,reads
TPAUS_764,SS14,SRR15440190,2010-01-19,Oceania,australia,Taouk_2022,Clinical,reads
TPAUS_762,SS14,SRR15440191,2010-12-20,Oceania,australia,Taouk_2022,Clinical,reads
TPAUS_761,SS14,SRR15440192,2010-12-17,Oceania,australia,Taouk_2022,Clinical,reads
TPAUS_760,SS14,SRR15440193,2010-12-30,Oceania,australia,Taouk_2022,Clinical,reads
TPAUS_759,SS14,SRR15440194,2010-01-20,Oceania,australia,Taouk_2022,Clinical,reads
TPAUS_758,SS14,SRR15440195,2010-11-23,Oceania,australia,Taouk_2022,Clinical,reads
TPAUS_757,SS14,SRR15440196,2010-11-24,Oceania,australia,Taouk_2022,Clinical,reads
TPAUS_088,SS14,SRR15440197,2016-11-05,Oceania,australia,Taouk_2022,Clinical,reads
TPAUS_756,SS14,SRR15440198,2010-07-27,Oceania,australia,Taouk_2022,Clinical,reads
TPAUS_755,SS14,SRR15440199,2010-06-09,Oceania,australia,Taouk_2022,Clinical,reads
TPAUS_754,SS14,SRR15440200,2010-07-20,Oceania,australia,Taouk_2022,Clinical,reads
TPAUS_753,SS14,SRR15440201,2010-05-17,Oceania,australia,Taouk_2022,Clinical,reads
TPAUS_746,SS14,SRR15440203,2009-03-12,Oceania,australia,Taouk_2022,Clinical,reads
TPAUS_742,SS14,SRR15440204,2009-05-15,Oceania,australia,Taouk_2022,Clinical,reads
TPAUS_738,SS14,SRR15440205,2009-03-02,Oceania,australia,Taouk_2022,Clinical,reads
TPAUS_736,SS14,SRR15440206,2008-01-02,Oceania,australia,Taouk_2022,Clinical,reads
TPAUS_733,SS14,SRR15440207,2008-06-11,Oceania,australia,Taouk_2022,Clinical,reads
TPAUS_087,SS14,SRR15440208,2017-10-18,Oceania,australia,Taouk_2022,Clinical,reads
TPAUS_732,SS14,SRR15440209,2008-06-24,Oceania,australia,Taouk_2022,Clinical,reads
TPAUS_730,SS14,SRR15440210,2008-07-04,Oceania,australia,Taouk_2022,Clinical,reads
TPAUS_729,SS14,SRR15440211,2008-03-28,Oceania,australia,Taouk_2022,Clinical,reads
TPAUS_726,SS14,SRR15440212,2007-12-20,Oceania,australia,Taouk_2022,Clinical,reads
TPAUS_724,SS14,SRR15440213,2007-09-13,Oceania,australia,Taouk_2022,Clinical,reads
TPAUS_722,SS14,SRR15440214,2007-11-07,Oceania,australia,Taouk_2022,Clinical,reads
TPAUS_718,SS14,SRR15440215,2007-03-16,Oceania,australia,Taouk_2022,Clinical,reads
TPAUS_716,SS14,SRR15440216,2007-12-01,Oceania,australia,Taouk_2022,Clinical,reads
TPAUS_713,SS14,SRR15440217,2006-05-30,Oceania,australia,Taouk_2022,Clinical,reads
TPAUS_711,SS14,SRR15440218,2006-11-16,Oceania,australia,Taouk_2022,Clinical,reads
TPAUS_086,SS14,SRR15440219,2016-05-24,Oceania,australia,Taouk_2022,Clinical,reads
TPAUS_013,SS14,SRR15440220,2019-01-22,Oceania,australia,Taouk_2022,Clinical,reads
TPAUS_710,SS14,SRR15440221,2006-09-14,Oceania,australia,Taouk_2022,Clinical,reads
TPAUS_699,SS14,SRR15440223,2019-03-10,Oceania,australia,Taouk_2022,Clinical,reads
TPAUS_698,SS14,SRR15440224,2019-09-30,Oceania,australia,Taouk_2022,Clinical,reads
TPAUS_697,SS14,SRR15440225,2019-03-18,Oceania,australia,Taouk_2022,Clinical,reads
TPAUS_696,SS14,SRR15440226,2019-02-01,Oceania,australia,Taouk_2022,Clinical,reads
TPAUS_695,SS14,SRR15440227,2019-03-01,Oceania,australia,Taouk_2022,Clinical,reads
TPAUS_692,SS14,SRR15440230,2018-06-11,Oceania,australia,Taouk_2022,Clinical,reads
TPAUS_085,SS14,SRR15440231,2016-05-27,Oceania,australia,Taouk_2022,Clinical,reads
TPAUS_690,SS14,SRR15440233,2018-01-11,Oceania,australia,Taouk_2022,Clinical,reads
TPAUS_689,SS14,SRR15440234,2018-10-25,Oceania,australia,Taouk_2022,Clinical,reads
TPAUS_688,SS14,SRR15440235,2018-09-07,Oceania,australia,Taouk_2022,Clinical,reads
TPAUS_687,SS14,SRR15440236,2018-03-07,Oceania,australia,Taouk_2022,Clinical,reads
TPAUS_686,SS14,SRR15440237,2018-05-23,Oceania,australia,Taouk_2022,Clinical,reads
TPAUS_685,SS14,SRR15440238,2018-05-15,Oceania,australia,Taouk_2022,Clinical,reads
TPAUS_684,SS14,SRR15440239,2018-04-09,Oceania,australia,Taouk_2022,Clinical,reads
TPAUS_682,SS14,SRR15440240,2018-09-24,Oceania,australia,Taouk_2022,Clinical,reads
TPAUS_681,SS14,SRR15440241,2018-10-06,Oceania,australia,Taouk_2022,Clinical,reads
TPAUS_084,SS14,SRR15440242,2018-03-09,Oceania,australia,Taouk_2022,Clinical,reads
TPAUS_680,SS14,SRR15440243,2018-06-06,Oceania,australia,Taouk_2022,Clinical,reads
TPAUS_679,SS14,SRR15440244,2018-02-20,Oceania,australia,Taouk_2022,Clinical,reads
TPAUS_678,SS14,SRR15440245,2018-03-12,Oceania,australia,Taouk_2022,Clinical,reads
TPAUS_677,SS14,SRR15440246,2017-10-21,Oceania,australia,Taouk_2022,Clinical,reads
TPAUS_676,SS14,SRR15440247,2017-07-17,Oceania,australia,Taouk_2022,Clinical,reads
TPAUS_674,SS14,SRR15440249,2019-09-17,Oceania,australia,Taouk_2022,Clinical,reads
TPAUS_671,SS14,SRR15440251,2020-05-10,Oceania,australia,Taouk_2022,Clinical,reads
TPAUS_666,SS14,SRR15440255,2020-09-24,Oceania,australia,Taouk_2022,Clinical,reads
TPAUS_663,SS14,SRR15440257,2020-09-23,Oceania,australia,Taouk_2022,Clinical,reads
TPAUS_660,SS14,SRR15440258,2020-12-17,Oceania,australia,Taouk_2022,Clinical,reads
TPAUS_657,SS14,SRR15440259,2018-10-31,Oceania,australia,Taouk_2022,Clinical,reads
TPAUS_644,SS14,SRR15440260,2020-11-20,Oceania,australia,Taouk_2022,Clinical,reads
TPAUS_643,SS14,SRR15440261,2020-11-20,Oceania,australia,Taouk_2022,Clinical,reads
TPAUS_640,SS14,SRR15440262,2020-09-11,Oceania,australia,Taouk_2022,Clinical,reads
TPAUS_639,SS14,SRR15440263,2020-02-11,Oceania,australia,Taouk_2022,Clinical,reads
TPAUS_638,SS14,SRR15440265,2020-04-11,Oceania,australia,Taouk_2022,Clinical,reads
TPAUS_637,SS14,SRR15440266,2020-04-11,Oceania,australia,Taouk_2022,Clinical,reads
TPAUS_631,SS14,SRR15440268,2020-10-10,Oceania,australia,Taouk_2022,Clinical,reads
TPAUS_621,SS14,SRR15440269,2020-12-31,Oceania,australia,Taouk_2022,Clinical,reads
TPAUS_619,SS14,SRR15440271,2020-12-30,Oceania,australia,Taouk_2022,Clinical,reads
TPAUS_618,SS14,SRR15440272,2020-12-18,Oceania,australia,Taouk_2022,Clinical,reads
TPAUS_615,SS14,SRR15440274,2020-07-12,Oceania,australia,Taouk_2022,Clinical,reads
TPAUS_081,SS14,SRR15440275,2017-03-17,Oceania,australia,Taouk_2022,Clinical,reads
TPAUS_614,SS14,SRR15440276,2020-01-12,Oceania,australia,Taouk_2022,Clinical,reads
TPAUS_613,SS14,SRR15440277,2020-11-27,Oceania,australia,Taouk_2022,Clinical,reads
TPAUS_612,SS14,SRR15440278,2020-11-28,Oceania,australia,Taouk_2022,Clinical,reads
TPAUS_610,SS14,SRR15440279,2020-11-16,Oceania,australia,Taouk_2022,Clinical,reads
TPAUS_604,SS14,SRR15440284,2020-10-15,Oceania,australia,Taouk_2022,Clinical,reads
TPAUS_603,SS14,SRR15440285,2020-07-10,Oceania,australia,Taouk_2022,Clinical,reads
TPAUS_602,SS14,SRR15440287,2020-06-10,Oceania,australia,Taouk_2022,Clinical,reads
TPAUS_600,SS14,SRR15440289,2020-09-30,Oceania,australia,Taouk_2022,Clinical,reads
TPAUS_599,SS14,SRR15440290,2020-09-29,Oceania,australia,Taouk_2022,Clinical,reads
TPAUS_568,SS14,SRR15440295,2020-06-07,Oceania,australia,Taouk_2022,Clinical,reads
TPAUS_562,SS14,SRR15440299,2020-06-29,Oceania,australia,Taouk_2022,Clinical,reads
TPAUS_559,SS14,SRR15440300,2020-09-16,Oceania,australia,Taouk_2022,Clinical,reads
TPAUS_555,SS14,SRR15440301,2020-11-09,Oceania,australia,Taouk_2022,Clinical,reads
TPAUS_554,SS14,SRR15440302,2020-08-09,Oceania,australia,Taouk_2022,Clinical,reads
TPAUS_552,SS14,SRR15440303,2020-08-21,Oceania,australia,Taouk_2022,Clinical,reads
TPAUS_078,SS14,SRR15440308,2016-06-23,Oceania,australia,Taouk_2022,Clinical,reads
TPAUS_541,SS14,SRR15440311,2020-07-29,Oceania,australia,Taouk_2022,Clinical,reads
TPAUS_538,SS14,SRR15440314,2020-01-07,Oceania,australia,Taouk_2022,Clinical,reads
TPAUS_535,SS14,SRR15440317,2020-06-19,Oceania,australia,Taouk_2022,Clinical,reads
TPAUS_534,SS14,SRR15440318,2020-09-16,Oceania,australia,Taouk_2022,Clinical,reads
TPAUS_533,SS14,SRR15440320,2020-09-18,Oceania,australia,Taouk_2022,Clinical,reads
TPAUS_532,SS14,SRR15440321,2020-09-17,Oceania,australia,Taouk_2022,Clinical,reads
TPAUS_531,SS14,SRR15440322,2020-09-09,Oceania,australia,Taouk_2022,Clinical,reads
TPAUS_529,SS14,SRR15440324,2020-09-09,Oceania,australia,Taouk_2022,Clinical,reads
TPAUS_528,SS14,SRR15440325,2020-08-09,Oceania,australia,Taouk_2022,Clinical,reads
TPAUS_526,SS14,SRR15440327,2020-06-19,Oceania,australia,Taouk_2022,Clinical,reads
TPAUS_525,SS14,SRR15440328,2020-08-18,Oceania,australia,Taouk_2022,Clinical,reads
TPAUS_524,SS14,SRR15440329,2020-08-21,Oceania,australia,Taouk_2022,Clinical,reads
TPAUS_076,SS14,SRR15440330,2016-05-24,Oceania,australia,Taouk_2022,Clinical,reads
TPAUS_010,SS14,SRR15440331,2019-03-29,Oceania,australia,Taouk_2022,Clinical,reads
TPAUS_510,SS14,SRR15440336,2020-01-31,Oceania,australia,Taouk_2022,Clinical,reads
TPAUS_506,SS14,SRR15440339,2019-06-24,Oceania,australia,Taouk_2022,Clinical,reads
TPAUS_502,SS14,SRR15440340,2020-08-01,Oceania,australia,Taouk_2022,Clinical,reads
TPAUS_075,SS14,SRR15440342,2019-01-17,Oceania,australia,Taouk_2022,Clinical,reads
TPAUS_498,SS14,SRR15440343,2019-06-27,Oceania,australia,Taouk_2022,Clinical,reads
TPAUS_496,SS14,SRR15440345,2020-03-26,Oceania,australia,Taouk_2022,Clinical,reads
TPAUS_495,SS14,SRR15440346,2020-02-28,Oceania,australia,Taouk_2022,Clinical,reads
TPAUS_489,SS14,SRR15440347,2019-05-31,Oceania,australia,Taouk_2022,Clinical,reads
TPAUS_485,SS14,SRR15440348,2020-03-17,Oceania,australia,Taouk_2022,Clinical,reads
TPAUS_483,SS14,SRR15440349,2019-10-30,Oceania,australia,Taouk_2022,Clinical,reads
TPAUS_073,SS14,SRR15440353,2018-09-18,Oceania,australia,Taouk_2022,Clinical,reads
TPAUS_462,SS14,SRR15440355,2019-12-11,Oceania,australia,Taouk_2022,Clinical,reads
TPAUS_450,SS14,SRR15440357,2019-06-28,Oceania,australia,Taouk_2022,Clinical,reads
TPAUS_446,SS14,SRR15440360,2019-07-24,Oceania,australia,Taouk_2022,Clinical,reads
TPAUS_441,SS14,SRR15440361,2020-03-20,Oceania,australia,Taouk_2022,Clinical,reads
TPAUS_440,SS14,SRR15440362,2019-12-06,Oceania,australia,Taouk_2022,Clinical,reads
TPAUS_439,SS14,SRR15440363,2019-07-29,Oceania,australia,Taouk_2022,Clinical,reads
TPAUS_062,SS14,SRR15440364,2018-10-22,Oceania,australia,Taouk_2022,Clinical,reads
TPAUS_435,SS14,SRR15440366,2019-12-16,Oceania,australia,Taouk_2022,Clinical,reads
TPAUS_433,SS14,SRR15440367,2020-04-05,Oceania,australia,Taouk_2022,Clinical,reads
TPAUS_428,SS14,SRR15440370,2020-03-30,Oceania,australia,Taouk_2022,Clinical,reads
TPAUS_427,SS14,SRR15440371,2020-04-17,Oceania,australia,Taouk_2022,Clinical,reads
TPAUS_425,SS14,SRR15440372,2020-04-22,Oceania,australia,Taouk_2022,Clinical,reads
TPAUS_422,SS14,SRR15440373,2020-04-28,Oceania,australia,Taouk_2022,Clinical,reads
TPAUS_421,SS14,SRR15440374,2020-03-20,Oceania,australia,Taouk_2022,Clinical,reads
TPAUS_057,SS14,SRR15440375,2018-09-27,Oceania,australia,Taouk_2022,Clinical,reads
TPAUS_419,SS14,SRR15440376,2020-03-19,Oceania,australia,Taouk_2022,Clinical,reads
TPAUS_415,SS14,SRR15440378,2020-11-03,Oceania,australia,Taouk_2022,Clinical,reads
TPAUS_405,SS14,SRR15440380,2020-01-20,Oceania,australia,Taouk_2022,Clinical,reads
TPAUS_404,SS14,SRR15440381,2020-02-27,Oceania,australia,Taouk_2022,Clinical,reads
TPAUS_403,SS14,SRR15440382,2020-01-17,Oceania,australia,Taouk_2022,Clinical,reads
TPAUS_398,SS14,SRR15440384,2020-06-01,Oceania,australia,Taouk_2022,Clinical,reads
TPAUS_397,SS14,SRR15440385,2020-06-01,Oceania,australia,Taouk_2022,Clinical,reads
TPAUS_056,SS14,SRR15440386,2018-10-30,Oceania,australia,Taouk_2022,Clinical,reads
TPAUS_396,SS14,SRR15440387,2020-06-01,Oceania,australia,Taouk_2022,Clinical,reads
TPAUS_395,SS14,SRR15440388,2019-12-31,Oceania,australia,Taouk_2022,Clinical,reads
TPAUS_390,SS14,SRR15440390,2019-01-11,Oceania,australia,Taouk_2022,Clinical,reads
TPAUS_388,SS14,SRR15440391,2019-10-12,Oceania,australia,Taouk_2022,Clinical,reads
TPAUS_386,SS14,SRR15440392,2019-12-27,Oceania,australia,Taouk_2022,Clinical,reads
TPAUS_383,SS14,SRR15440393,2019-09-29,Oceania,australia,Taouk_2022,Clinical,reads
TPAUS_054,SS14,SRR15440397,2018-11-13,Oceania,australia,Taouk_2022,Clinical,reads
TPAUS_374,SS14,SRR15440398,2019-08-23,Oceania,australia,Taouk_2022,Clinical,reads
TPAUS_372,SS14,SRR15440399,2019-08-11,Oceania,australia,Taouk_2022,Clinical,reads
TPAUS_368,SS14,SRR15440401,2019-09-09,Oceania,australia,Taouk_2022,Clinical,reads
TPAUS_364,SS14,SRR15440402,2019-05-16,Oceania,australia,Taouk_2022,Clinical,reads
TPAUS_362,SS14,SRR15440403,2019-05-16,Oceania,australia,Taouk_2022,Clinical,reads
TPAUS_356,SS14,SRR15440404,2019-12-01,Oceania,australia,Taouk_2022,Clinical,reads
TPAUS_345,SS14,SRR15440406,2018-07-26,Oceania,australia,Taouk_2022,Clinical,reads
TPAUS_334,SS14,SRR15440409,2018-04-17,Oceania,australia,Taouk_2022,Clinical,reads
TPAUS_322,SS14,SRR15440414,2017-04-01,Oceania,australia,Taouk_2022,Clinical,reads
TPAUS_321,SS14,SRR15440415,2016-09-13,Oceania,australia,Taouk_2022,Clinical,reads
TPAUS_319,SS14,SRR15440416,2016-04-04,Oceania,australia,Taouk_2022,Clinical,reads
TPAUS_314,SS14,SRR15440417,2017-02-14,Oceania,australia,Taouk_2022,Clinical,reads
TPAUS_313,SS14,SRR15440418,2017-02-14,Oceania,australia,Taouk_2022,Clinical,reads
TPAUS_052,SS14,SRR15440419,2018-01-11,Oceania,australia,Taouk_2022,Clinical,reads
TPAUS_310,SS14,SRR15440422,2017-07-17,Oceania,australia,Taouk_2022,Clinical,reads
TPAUS_308,SS14,SRR15440423,2017-01-30,Oceania,australia,Taouk_2022,Clinical,reads
TPAUS_306,SS14,SRR15440425,2017-12-27,Oceania,australia,Taouk_2022,Clinical,reads
TPAUS_305,SS14,SRR15440426,2016-05-17,Oceania,australia,Taouk_2022,Clinical,reads
TPAUS_303,SS14,SRR15440427,2016-11-11,Oceania,australia,Taouk_2022,Clinical,reads
TPAUS_302,SS14,SRR15440428,2016-07-04,Oceania,australia,Taouk_2022,Clinical,reads
TPAUS_051,SS14,SRR15440430,2018-10-29,Oceania,australia,Taouk_2022,Clinical,reads
TPAUS_299,SS14,SRR15440431,2016-02-29,Oceania,australia,Taouk_2022,Clinical,reads
TPAUS_298,SS14,SRR15440432,2016-02-17,Oceania,australia,Taouk_2022,Clinical,reads
TPAUS_295,SS14,SRR15440433,2017-05-01,Oceania,australia,Taouk_2022,Clinical,reads
TPAUS_294,SS14,SRR15440434,2016-06-04,Oceania,australia,Taouk_2022,Clinical,reads
TPAUS_293,SS14,SRR15440435,2016-03-02,Oceania,australia,Taouk_2022,Clinical,reads
TPAUS_292,SS14,SRR15440436,2016-11-25,Oceania,australia,Taouk_2022,Clinical,reads
TPAUS_291,SS14,SRR15440437,2016-06-04,Oceania,australia,Taouk_2022,Clinical,reads
TPAUS_289,SS14,SRR15440439,2016-09-03,Oceania,australia,Taouk_2022,Clinical,reads
TPAUS_288,SS14,SRR15440440,2016-03-02,Oceania,australia,Taouk_2022,Clinical,reads
TPAUS_048,SS14,SRR15440441,2018-10-30,Oceania,australia,Taouk_2022,Clinical,reads
TPAUS_008,SS14,SRR15440442,2019-01-04,Oceania,australia,Taouk_2022,Clinical,reads
TPAUS_283,SS14,SRR15440443,2015-06-24,Oceania,australia,Taouk_2022,Clinical,reads
TPAUS_282,SS14,SRR15440444,2015-10-29,Oceania,australia,Taouk_2022,Clinical,reads
TPAUS_279,SS14,SRR15440445,2015-04-12,Oceania,australia,Taouk_2022,Clinical,reads
TPAUS_278,SS14,SRR15440446,2019-04-15,Oceania,australia,Taouk_2022,Clinical,reads
TPAUS_277,SS14,SRR15440447,2017-03-29,Oceania,australia,Taouk_2022,Clinical,reads
TPAUS_276,SS14,SRR15440448,2015-12-22,Oceania,australia,Taouk_2022,Clinical,reads
TPAUS_275,SS14,SRR15440449,2017-04-24,Oceania,australia,Taouk_2022,Clinical,reads
TPAUS_274,SS14,SRR15440450,2017-01-24,Oceania,australia,Taouk_2022,Clinical,reads
TPAUS_046,SS14,SRR15440453,2018-12-14,Oceania,australia,Taouk_2022,Clinical,reads
TPAUS_270,SS14,SRR15440454,2018-09-01,Oceania,australia,Taouk_2022,Clinical,reads
TPAUS_269,SS14,SRR15440455,2018-01-23,Oceania,australia,Taouk_2022,Clinical,reads
TPAUS_268,SS14,SRR15440456,2018-02-14,Oceania,australia,Taouk_2022,Clinical,reads
TPAUS_266,SS14,SRR15440458,2018-08-25,Oceania,australia,Taouk_2022,Clinical,reads
TPAUS_265,SS14,SRR15440459,2018-08-28,Oceania,australia,Taouk_2022,Clinical,reads
TPAUS_263,SS14,SRR15440461,2018-08-27,Oceania,australia,Taouk_2022,Clinical,reads
TPAUS_262,SS14,SRR15440462,2018-08-25,Oceania,australia,Taouk_2022,Clinical,reads
TPAUS_045,SS14,SRR15440464,2018-12-12,Oceania,australia,Taouk_2022,Clinical,reads
TPAUS_260,SS14,SRR15440465,2018-07-16,Oceania,australia,Taouk_2022,Clinical,reads
TPAUS_259,SS14,SRR15440466,2018-07-24,Oceania,australia,Taouk_2022,Clinical,reads
TPAUS_258,SS14,SRR15440467,2018-07-20,Oceania,australia,Taouk_2022,Clinical,reads
TPAUS_257,SS14,SRR15440468,2018-07-25,Oceania,australia,Taouk_2022,Clinical,reads
TPAUS_256,SS14,SRR15440469,2018-07-25,Oceania,australia,Taouk_2022,Clinical,reads
TPAUS_255,SS14,SRR15440470,2018-07-23,Oceania,australia,Taouk_2022,Clinical,reads
TPAUS_254,SS14,SRR15440471,2018-07-14,Oceania,australia,Taouk_2022,Clinical,reads
TPAUS_253,SS14,SRR15440472,2018-07-17,Oceania,australia,Taouk_2022,Clinical,reads
TPAUS_251,SS14,SRR15440473,2018-09-07,Oceania,australia,Taouk_2022,Clinical,reads
TPAUS_250,SS14,SRR15440474,2018-03-07,Oceania,australia,Taouk_2022,Clinical,reads
TPAUS_043,SS14,SRR15440475,2018-10-12,Oceania,australia,Taouk_2022,Clinical,reads
TPAUS_247,SS14,SRR15440477,2018-05-31,Oceania,australia,Taouk_2022,Clinical,reads
TPAUS_246,SS14,SRR15440478,2018-05-21,Oceania,australia,Taouk_2022,Clinical,reads
TPAUS_245,SS14,SRR15440479,2018-05-17,Oceania,australia,Taouk_2022,Clinical,reads
SHC_0,SS14,SRR2996724,2014-XX-XX,Asia,china,Sun_2016,low rabbit passage,reads
SHD_R,SS14,SRR2996725,2014-XX-XX,Asia,china,Sun_2016,low rabbit passage,reads
SHE_V,SS14,SRR2996726,2014-XX-XX,Asia,china,Sun_2016,low rabbit passage,reads
SHG_I2,SS14,SRR2996727,2014-XX-XX,Asia,china,Sun_2016,low rabbit passage,reads
B3,SS14,SRR2996728,2015-XX-XX,Asia,china,Sun_2016,low rabbit passage,reads
C3,SS14,SRR2996729,2015-XX-XX,Asia,china,Sun_2016,low rabbit passage,reads
K3,SS14,SRR2996730,2015-XX-XX,Asia,china,Sun_2016,low rabbit passage,reads
Q3,SS14,SRR2996732,2015-XX-XX,Asia,china,Sun_2016,low rabbit passage,reads
AR2,SS14,SRR3268682,2013-XX-XX,S.America,argentina,Arora_2016,clinical acquired,reads
CZ27,SS14,SRR3268685,2012-XX-XX,Europe,czech republic,Arora_2016,clinical congenital,reads
NE15,SS14,SRR3268705,2013-XX-XX,Europe,netherlands,Arora_2016,clinical_acquired,reads
NE17,SS14,SRR3268707,2013-XX-XX,Europe,netherlands,Arora_2016,clinical acquired,reads
NE19,SS14,SRR3268709,2013-XX-XX,Europe,netherlands,Arora_2016,clinical_acquired,reads
AU15,SS14,SRR3268722,2013-XX-XX,Europe,austria,Arora_2016,clinical acquired,reads
AU16,SS14,SRR3268723,2013-XX-XX,Europe,austria,Arora_2016,clinical acquired,reads
SW4_Trepo,SS14,SRR3268730,2012-XX-XX,Europe,switzerland,Arora_2016,clinical acquired,reads
SW6,SS14,SRR3268732,2012-XX-XX,Europe,switzerland,Arora_2016,clinical acquired,reads
SW8,SS14,SRR3268736,2012-XX-XX,Europe,switzerland,Arora_2016,clinical acquired,reads
UW249B,SS14,SRR3268758,2004-XX-XX,N.America,usa,Arora_2016,rabbit inoculation,reads
PT_SIF0697,SS14,SRR3571774,2009-XX-XX,Europe,portugal,Pinto_2016,Clinical_Swab,reads
PT_SIF0877_3,SS14,SRR3571775,2010-XX-XX,Europe,portugal,Pinto_2016,clinical acquired,reads
PT_SIF0908,SS14,SRR3571776,2010-XX-XX,Europe,portugal,Pinto_2016,clinical_acquired,reads
PT_SIF0954,SS14,SRR3571778,2010-XX-XX,Europe,portugal,Pinto_2016,clinical acquired,reads
PT_SIF1002,SS14,SRR3571783,2011-XX-XX,Europe,portugal,Pinto_2016,clinical acquired,reads
PT_SIF1020,SS14,SRR3571785,2011-XX-XX,Europe,portugal,Pinto_2016,clinical acquired,reads
PT_SIF1063,SS14,SRR3571786,2012-XX-XX,Europe,portugal,Pinto_2016,clinical acquired,reads
PT_SIF1135,SS14,SRR3584837,2013-XX-XX,Europe,portugal,Pinto_2016,clinical_acquired,reads
PT_SIF1140,SS14,SRR3584838,2013-XX-XX,Europe,portugal,Pinto_2016,clinical_acquired,reads
PT_SIF1142,SS14,SRR3584839,2013-XX-XX,Europe,portugal,Pinto_2016,clinical acquired,reads
PT_SIF1156,SS14,SRR3584840,2013-XX-XX,Europe,portugal,Pinto_2016,clinical acquired,reads
PT_SIF1167,SS14,SRR3584841,2013-XX-XX,Europe,portugal,Pinto_2016,clinical acquired,reads
PT_SIF1183,SS14,SRR3584842,2013-XX-XX,Europe,portugal,Pinto_2016,clinical acquired,reads
PT_SIF1196,SS14,SRR3584843,2013-XX-XX,Europe,portugal,Pinto_2016,clinical acquired,reads
PT_SIF1200,SS14,SRR3584844,2013-XX-XX,Europe,portugal,Pinto_2016,clinical acquired,reads
PT_SIF1242,SS14,SRR3584845,2014-XX-XX,Europe,portugal,Pinto_2016,clinical acquired,reads
PT_SIF1252,SS14,SRR3584871,2014-XX-XX,Europe,portugal,Pinto_2016,clinical acquired,reads
PT_SIF1261,SS14,SRR3584875,2014-XX-XX,Europe,portugal,Pinto_2016,clinical acquired,reads
PT_SIF1278,SS14,SRR3584879,2014-XX-XX,Europe,portugal,Pinto_2016,clinical acquired,reads
PT_SIF1280,SS14,SRR3584882,2014-XX-XX,Europe,portugal,Pinto_2016,clinical acquired,reads
PT_SIF1299,SS14,SRR3584884,2014-XX-XX,Europe,portugal,Pinto_2016,clinical acquired,reads
PT_SIF0751,SS14,SRR3584962,2009-XX-XX,Europe,portugal,Pinto_2016,clinical_acquired,reads
PT_SIF0857,SS14,SRR3584965,2010-XX-XX,Europe,portugal,Pinto_2016,clinical acquired,reads
CW88,SS14,SRR8501161,2017-XX-XX,Europe,czech republic,Grillová_2019,clinical acquired,reads
CW56,SS14,SRR8501162,2013-XX-XX,Caribbean,cuba,Grillová_2019,clinical acquired,reads
CW30,SS14,SRR8501163,2014-XX-XX,Europe,czech republic,Grillová_2019,clinical acquired,reads
CW84,SS14,SRR8501169,2015-XX-XX,Europe,france,Grillová_2019,clinical acquired,reads