clade	gene	site	alt
c1	nuc	6971	G
c1	nuc	7017	A
c1	nuc	7052	G
c1	nuc	7464	G
c1	nuc	7554	G
c1	nuc	7630	T
c1	nuc	7728	G
c1	nuc	8980	G
c1	nuc	9312	C
c1	nuc	9335	A
c1	nuc	10124	T
c1	nuc	10232	G
c1	nuc	10614	T
c1	nuc	10622	G
c1	nuc	10795	A
c1	nuc	11072	T
c1	nuc	11074	G
c1	nuc	16169	G
c1	nuc	27532	C
c1	nuc	27555	G
c1	nuc	72749	A
c1	nuc	79911	A
c1	nuc	145545	G
c1	nuc	145771	G
c1	nuc	151056	A
c1	nuc	151069	C
c1	nuc	151107	C
c1	nuc	151320	G
c1	nuc	151913	A
c1	nuc	152155	A
c1	nuc	179795	T
c1	nuc	179951	A
c1	nuc	180308	A
c1	nuc	245563	A
c1	nuc	267050	A
c1	nuc	305949	C
c1	nuc	306485	T
c1	nuc	320189	T
c1	nuc	320190	C
c1	nuc	336642	G
c1	nuc	346492	C
c1	nuc	346545	G
c1	nuc	346787	C
c1	nuc	346800	T
c1	nuc	346842	G
c1	nuc	347013	C
c1	nuc	347202	C
c1	nuc	347216	T
c1	nuc	355331	A
c1	nuc	355471	C
c1	nuc	356845	C
c1	nuc	356886	A
c1	nuc	379725	T
c1	nuc	389728	A
c1	nuc	390681	C
c1	nuc	390708	A
c1	nuc	390863	A
c1	nuc	390866	G
c1	nuc	390905	A
c1	nuc	390973	A
c1	nuc	390979	G
c1	nuc	391098	A
c1	nuc	391303	G
c1	nuc	391887	A
c1	nuc	420385	G
c1	nuc	432051	T
c1	nuc	497275	A
c1	nuc	497685	C
c1	nuc	498201	G
c1	nuc	512411	T
c1	nuc	512567	A
c1	nuc	512982	A
c1	nuc	513022	A
c1	nuc	525275	G
c1	nuc	525276	G
c1	nuc	542400	A
c1	nuc	572335	G
c1	nuc	574573	C
c1	nuc	645762	C
c1	nuc	645780	C
c1	nuc	664329	A
c1	nuc	708541	C
c1	nuc	708664	G
c1	nuc	739000	T
c1	nuc	739107	A
c1	nuc	739184	T
c1	nuc	740575	T
c1	nuc	778110	T
c1	nuc	790354	G
c1	nuc	791319	T
c1	nuc	804885	A
c1	nuc	805443	T
c1	nuc	805475	C
c1	nuc	863177	T
c1	nuc	917717	G
c1	nuc	941693	C
c1	nuc	941755	C
c1	nuc	941838	A
c1	nuc	941935	T
c1	nuc	941998	A
c1	nuc	942748	G
c1	nuc	942769	C
c1	nuc	942858	C
c1	nuc	942946	T
c1	nuc	943341	C
c1	nuc	943976	A
c1	nuc	944096	C
c1	nuc	944162	A
c1	nuc	944208	T
c1	nuc	944250	C
c1	nuc	1017661	G
c1	nuc	1018215	T
c1	nuc	1018609	T
c1	nuc	1018672	C
c1	nuc	1018768	C
c1	nuc	1018960	T
c1	nuc	1019228	A
c1	nuc	1019229	C
c1	nuc	1019396	C
c1	nuc	1019427	G
c1	nuc	1034172	C
c1	nuc	1034359	C
c1	nuc	1034510	A
c1	nuc	1034545	T
c1	nuc	1045939	T
c1	nuc	1046192	T
c1	nuc	1046193	T
c1	nuc	1046747	G
c1	nuc	1091323	C
c1	nuc	1092338	A
c1	nuc	1092382	C
c1	nuc	1093222	C
c1	nuc	1096383	T
c1	nuc	1101042	T
c2	nuc	522324	C
c2	nuc	581046	G
c2	nuc	1061205	T
c2	nuc	1077253	T
c3	nuc	73164	G
c3	nuc	79971	C
c3	nuc	94082	T
c3	nuc	151912	A
c3	nuc	190433	G
c3	nuc	293110	A
c3	nuc	337626	A
c3	nuc	410558	T
c3	nuc	442413	G
c3	nuc	445448	C
c3	nuc	459657	A
c3	nuc	529030	C
c3	nuc	576692	T
c3	nuc	582004	T
c3	nuc	595758	C
c3	nuc	597548	T
c3	nuc	616473	C
c3	nuc	681051	A
c3	nuc	772851	G
c3	nuc	943728	G
c3	nuc	1016271	A
c3	nuc	1025310	C
c3	nuc	1047447	A
